{
  "accepted": true,
  "checkpoint_id": "0f57df0e1512f16f1788fb80389e4f3131706acf03c30bbce166879e97f8db0d",
  "device": "NVIDIA GeForce RTX 4090",
  "diagnostic_seconds": {
    "load": 12.11466081184335,
    "mode_eager": 69.429860470118,
    "process": 86.22707833908498
  },
  "errors": [],
  "experiment": "E0e2e-tp4-pp4-golden-token-gate",
  "fuse_min_seqlen": 1024,
  "global_row_shapes": [
    4,
    4096,
    8192,
    16384
  ],
  "host": "titan064",
  "indexer_kv_dtype": "bf16",
  "kv_dtype": "bf16",
  "local_rank": 5,
  "max_seq_len": 4224,
  "measurement_class": "semantic_e2e_golden_token_gate",
  "memory_after_load": {
    "free_bytes": 7843217408,
    "total_bytes": 25252724736
  },
  "memory_at_end": {
    "free_bytes": 3932028928,
    "peak_allocated_bytes": 18823241728,
    "peak_reserved_bytes": 20451426304,
    "total_bytes": 25252724736
  },
  "mode_summaries": {
    "eager": {
      "lane_argmax_agreement": false,
      "match_rate": 0.96484375,
      "matched_tokens": 494,
      "mismatch_count": 18,
      "mismatch_golden_deficit": {
        "max": 1.1979522705078125,
        "median": 0.3458061218261719,
        "min": 0.000545501708984375
      },
      "mismatch_top2_gap": {
        "max": 0.959503173828125,
        "median": 0.3458061218261719,
        "min": 0.000545501708984375
      },
      "per_prompt": [
        {
          "compare_steps": 64,
          "first_mismatch": {
            "golden": 320,
            "golden_deficit": 0.000545501708984375,
            "golden_logit": 39.492515563964844,
            "match": false,
            "position": 1055,
            "predicted": 303,
            "step": 32,
            "top1_logit": 39.49306106567383,
            "top2_gap": 0.000545501708984375,
            "top2_logit": 39.492515563964844
          },
          "matched": 62,
          "prefill_evidence": {
            "chunk_lengths": [
              1024
            ],
            "hc_boundary": null,
            "max_chunk_rows_per_lane": 1024,
            "moe": {
              "overlapped_calls": 0,
              "overlapped_rows": 0,
              "sequential_calls": 10,
              "sequential_rows": 10240
            },
            "moe_global_rows": 4096,
            "peak_allocated_gib": 16.528057098388672,
            "prefill_forwards": 1,
            "rows_per_lane": 1024,
            "seqlen": 1024,
            "wall_ms": 16686.770799104124
          },
          "prompt_index": 0,
          "prompt_len": 1024
        },
        {
          "compare_steps": 64,
          "first_mismatch": {
            "golden": 59471,
            "golden_deficit": 0.27901458740234375,
            "golden_logit": 36.32844543457031,
            "match": false,
            "position": 1050,
            "predicted": 343,
            "step": 27,
            "top1_logit": 36.607460021972656,
            "top2_gap": 0.27901458740234375,
            "top2_logit": 36.32844543457031
          },
          "matched": 62,
          "prefill_evidence": {
            "chunk_lengths": [
              1024
            ],
            "hc_boundary": null,
            "max_chunk_rows_per_lane": 1024,
            "moe": {
              "overlapped_calls": 0,
              "overlapped_rows": 0,
              "sequential_calls": 10,
              "sequential_rows": 10240
            },
            "moe_global_rows": 4096,
            "peak_allocated_gib": 16.528057098388672,
            "prefill_forwards": 1,
            "rows_per_lane": 1024,
            "seqlen": 1024,
            "wall_ms": 729.4891569763422
          },
          "prompt_index": 1,
          "prompt_len": 1024
        },
        {
          "compare_steps": 64,
          "first_mismatch": {
            "golden": 59819,
            "golden_deficit": 0.06903839111328125,
            "golden_logit": 36.486488342285156,
            "match": false,
            "position": 1059,
            "predicted": 8842,
            "step": 36,
            "top1_logit": 36.55552673339844,
            "top2_gap": 0.06903839111328125,
            "top2_logit": 36.486488342285156
          },
          "matched": 63,
          "prefill_evidence": {
            "chunk_lengths": [
              1024
            ],
            "hc_boundary": null,
            "max_chunk_rows_per_lane": 1024,
            "moe": {
              "overlapped_calls": 0,
              "overlapped_rows": 0,
              "sequential_calls": 10,
              "sequential_rows": 10240
            },
            "moe_global_rows": 4096,
            "peak_allocated_gib": 16.528057098388672,
            "prefill_forwards": 1,
            "rows_per_lane": 1024,
            "seqlen": 1024,
            "wall_ms": 729.5656390488148
          },
          "prompt_index": 2,
          "prompt_len": 1024
        },
        {
          "compare_steps": 64,
          "first_mismatch": {
            "golden": 9270,
            "golden_deficit": 0.13001251220703125,
            "golden_logit": 37.504722595214844,
            "match": false,
            "position": 2058,
            "predicted": 653,
            "step": 11,
            "top1_logit": 37.634735107421875,
            "top2_gap": 0.13001251220703125,
            "top2_logit": 37.504722595214844
          },
          "matched": 63,
          "prefill_evidence": {
            "chunk_lengths": [
              2048
            ],
            "hc_boundary": null,
            "max_chunk_rows_per_lane": 2048,
            "moe": {
              "overlapped_calls": 0,
              "overlapped_rows": 0,
              "sequential_calls": 10,
              "sequential_rows": 20480
            },
            "moe_global_rows": 8192,
            "peak_allocated_gib": 17.137020111083984,
            "prefill_forwards": 1,
            "rows_per_lane": 2048,
            "seqlen": 2048,
            "wall_ms": 1476.8345789052546
          },
          "prompt_index": 3,
          "prompt_len": 2048
        },
        {
          "compare_steps": 64,
          "first_mismatch": {
            "golden": 14,
            "golden_deficit": 0.36640167236328125,
            "golden_logit": 44.55779266357422,
            "match": false,
            "position": 2077,
            "predicted": 1492,
            "step": 30,
            "top1_logit": 44.9241943359375,
            "top2_gap": 0.36640167236328125,
            "top2_logit": 44.55779266357422
          },
          "matched": 61,
          "prefill_evidence": {
            "chunk_lengths": [
              2048
            ],
            "hc_boundary": null,
            "max_chunk_rows_per_lane": 2048,
            "moe": {
              "overlapped_calls": 0,
              "overlapped_rows": 0,
              "sequential_calls": 10,
              "sequential_rows": 20480
            },
            "moe_global_rows": 8192,
            "peak_allocated_gib": 17.137020111083984,
            "prefill_forwards": 1,
            "rows_per_lane": 2048,
            "seqlen": 2048,
            "wall_ms": 1476.508704945445
          },
          "prompt_index": 4,
          "prompt_len": 2048
        },
        {
          "compare_steps": 64,
          "first_mismatch": {
            "golden": 46967,
            "golden_deficit": 0.6355934143066406,
            "golden_logit": 40.1818733215332,
            "match": false,
            "position": 2052,
            "predicted": 83633,
            "step": 5,
            "top1_logit": 40.817466735839844,
            "top2_gap": 0.6355934143066406,
            "top2_logit": 40.1818733215332
          },
          "matched": 61,
          "prefill_evidence": {
            "chunk_lengths": [
              2048
            ],
            "hc_boundary": null,
            "max_chunk_rows_per_lane": 2048,
            "moe": {
              "overlapped_calls": 0,
              "overlapped_rows": 0,
              "sequential_calls": 10,
              "sequential_rows": 20480
            },