{
  "accepted": true,
  "argv": [
    "e8f_serving_loop.py",
    "--stage-root",
    "/home/cysic/Workspace/DeepSeek-V4-Flash",
    "--oracle-json",
    "oracle-long-v2.json",
    "--out-dir",
    "out-e8f-b1024f",
    "--max-seq-len",
    "8320",
    "--prefill-chunk",
    "4096",
    "--prompt-min-tokens",
    "1024",
    "--prompt-max-tokens",
    "1024",
    "--max-new-tokens",
    "48",
    "--max-prompts",
    "3",
    "--rounds",
    "2"
  ],
  "bare_engine_tok_s": 39.2,
  "checkpoint_id": "0f57df0e1512f16f1788fb80389e4f3131706acf03c30bbce166879e97f8db0d",
  "decode_stage_built": true,
  "device": "NVIDIA GeForce RTX 4090",
  "eos_token_id": 1,
  "errors": [],
  "experiment": "E8F-single-path-serving-loop",
  "global_row_shapes": [
    4,
    4096
  ],
  "host": "titan064",
  "load_seconds": 10.691973499953747,
  "max_new_tokens": 48,
  "max_seq_len": 8320,
  "num_prompts": 3,
  "prefill_chunk": 4096,
  "rank": 0,
  "requests": [
    {
      "captured": true,
      "decode_ms_per_token": 67.859885362076,
      "decode_only_tok_s": 14.736246527154574,
      "decode_wall_ms": 3189.414612017572,
      "first_token_ms": 16866.95450497791,
      "first_tokens": [
        53091,
        4374,
        1465,
        13582,
        22,
        8532,
        12519,
        120671
      ],
      "framework_ms": 20056.369116995484,
      "framework_tok_s": 2.3932547172421894,
      "new_tokens": 48,
      "prefill_ms": 4168.224435998127,
      "prompt_len": 1024,
      "request": 0,
      "round": 0
    },
    {
      "captured": false,
      "decode_ms_per_token": 24.797644575146286,
      "decode_only_tok_s": 40.32641071895438,
      "decode_wall_ms": 1165.4892950318754,
      "first_token_ms": 691.115380031988,
      "first_tokens": [
        32111,
        377,
        270,
        37437,
        14,
        270,
        2038,
        1473
      ],
      "framework_ms": 1856.6046750638634,
      "framework_tok_s": 25.853645983277996,
      "new_tokens": 48,
      "prefill_ms": 186.4713451359421,
      "prompt_len": 1024,
      "request": 1,
      "round": 0
    },
    {
      "captured": false,
      "decode_ms_per_token": 24.772220915381578,
      "decode_only_tok_s": 40.36779759941022,
      "decode_wall_ms": 1164.2943830229342,
      "first_token_ms": 684.3485769350082,
      "first_tokens": [
        103248,
        10051,
        33657,
        2823,
        47725,
        768,
        666,
        3007
      ],
      "framework_ms": 1848.6429599579424,
      "framework_tok_s": 25.9649921805842,
      "new_tokens": 48,
      "prefill_ms": 183.54506697505713,
      "prompt_len": 1024,
      "request": 2,
      "round": 0
    },
    {
      "captured": false,
      "decode_ms_per_token": 24.808290979250316,
      "decode_only_tok_s": 40.3091047600337,
      "decode_wall_ms": 1165.9896760247648,
      "first_token_ms": 686.7198189720511,
      "first_tokens": [
        53091,
        4374,
        1465,
        13582,
        22,
        8532,
        12519,
        120671
      ],
      "framework_ms": 1852.709494996816,
      "framework_tok_s": 25.908001297355305,
      "new_tokens": 48,
      "prefill_ms": 180.53288711234927,
      "prompt_len": 1024,
      "request": 0,
      "round": 1
    },
    {
      "captured": false,
      "decode_ms_per_token": 24.811599487835107,
      "decode_only_tok_s": 40.303729732953755,
      "decode_wall_ms": 1166.14517592825,
      "first_token_ms": 685.6769581791013,
      "first_tokens": [
        32111,
        377,
        270,
        37437,
        14,
        270,
        2038,
        1473
      ],
      "framework_ms": 1851.8221341073513,
      "framework_tok_s": 25.920415960001378,
      "new_tokens": 48,
      "prefill_ms": 181.20697606354952,
      "prompt_len": 1024,
      "request": 1,
      "round": 1
    },
    {
      "captured": false,
      "decode_ms_per_token": 24.795792233991495,
      "decode_only_tok_s": 40.32942325710983,
      "decode_wall_ms": 1165.4022349976003,
      "first_token_ms": 685.3621939662844,
      "first_tokens": [
        103248,
        10051,
        33657,
        2823,
        47725,
        768,
        666,
        3007
      ],
      "framework_ms": 1850.7644289638847,
      "framework_tok_s": 25.9352293834996,
      "new_tokens": 48,
      "prefill_ms": 181.86017591506243,
      "prompt_len": 1024,
      "request": 2,
      "round": 1
    }
  ],
  "rounds": 2,
  "schema_version": 1,
  "stage": 0
}
