{
  "accepted": true,
  "argv": [
    "e8f_serving_loop.py",
    "--stage-root",
    "/home/cysic/Workspace/DeepSeek-V4-Flash",
    "--oracle-json",
    "oracle-long-v2.json",
    "--out-dir",
    "out-e8f-b1024g128",
    "--max-seq-len",
    "8320",
    "--prefill-chunk",
    "4096",
    "--prompt-min-tokens",
    "1024",
    "--prompt-max-tokens",
    "1024",
    "--max-new-tokens",
    "128",
    "--max-prompts",
    "2",
    "--rounds",
    "2"
  ],
  "bare_engine_tok_s": 39.2,
  "checkpoint_id": "0f57df0e1512f16f1788fb80389e4f3131706acf03c30bbce166879e97f8db0d",
  "decode_stage_built": true,
  "device": "NVIDIA GeForce RTX 4090",
  "eos_token_id": 1,
  "errors": [],
  "experiment": "E8F-single-path-serving-loop",
  "global_row_shapes": [
    4,
    4096
  ],
  "host": "titan064",
  "load_seconds": 10.927932006074116,
  "max_new_tokens": 128,
  "max_seq_len": 8320,
  "num_prompts": 2,
  "prefill_chunk": 4096,
  "rank": 0,
  "requests": [
    {
      "captured": true,
      "decode_ms_per_token": 41.06483506368781,
      "decode_only_tok_s": 24.351735455629893,
      "decode_wall_ms": 5215.234053088352,
      "first_token_ms": 16876.923931064084,
      "first_tokens": [
        53091,
        4374,
        1465,
        13582,
        22,
        8532,
        12519,
        120671
      ],
      "framework_ms": 22092.157984152436,
      "framework_tok_s": 5.793911128637564,
      "new_tokens": 128,
      "prefill_ms": 4169.0625650808215,
      "prompt_len": 1024,
      "request": 0,
      "round": 0
    },
    {
      "captured": false,
      "decode_ms_per_token": 24.839729866320926,
      "decode_only_tok_s": 40.258086757853796,
      "decode_wall_ms": 3154.6456930227578,
      "first_token_ms": 692.3118960112333,
      "first_tokens": [
        32111,
        377,
        270,
        37437,
        14,
        270,
        2038,
        1473
      ],
      "framework_ms": 3846.957589033991,
      "framework_tok_s": 33.27304682663321,
      "new_tokens": 128,
      "prefill_ms": 186.1786670051515,
      "prompt_len": 1024,
      "request": 1,
      "round": 0
    },
    {
      "captured": false,
      "decode_ms_per_token": 24.77374483508564,
      "decode_only_tok_s": 40.365314434972184,
      "decode_wall_ms": 3146.265594055876,
      "first_token_ms": 689.369552070275,
      "first_tokens": [
        53091,
        4374,
        1465,
        13582,
        22,
        8532,
        12519,
        120671
      ],
      "framework_ms": 3835.635146126151,
      "framework_tok_s": 33.37126580698772,
      "new_tokens": 128,
      "prefill_ms": 184.21887303702533,
      "prompt_len": 1024,
      "request": 0,
      "round": 1
    },
    {
      "captured": false,
      "decode_ms_per_token": 24.78017292066118,
      "decode_only_tok_s": 40.354843495309964,
      "decode_wall_ms": 3147.0819609239697,
      "first_token_ms": 692.6520820707083,
      "first_tokens": [
        32111,
        377,
        270,
        37437,
        14,
        270,
        2038,
        1473
      ],
      "framework_ms": 3839.734042994678,
      "framework_tok_s": 33.33564214780107,
      "new_tokens": 128,
      "prefill_ms": 181.7510740365833,
      "prompt_len": 1024,
      "request": 1,
      "round": 1
    }
  ],
  "rounds": 2,
  "schema_version": 1,
  "stage": 0
}
