{
  "accepted": true,
  "argv": [
    "e8f_serving_loop.py",
    "--stage-root",
    "/home/cysic/Workspace/DeepSeek-V4-Flash",
    "--oracle-json",
    "oracle-long-v2.json",
    "--out-dir",
    "out-e8f-b1024eos",
    "--max-seq-len",
    "8320",
    "--prefill-chunk",
    "4096",
    "--prompt-min-tokens",
    "1024",
    "--prompt-max-tokens",
    "1024",
    "--max-new-tokens",
    "128",
    "--stop-on-eos",
    "--max-prompts",
    "3",
    "--rounds",
    "2"
  ],
  "bare_engine_tok_s": 39.2,
  "checkpoint_id": "0f57df0e1512f16f1788fb80389e4f3131706acf03c30bbce166879e97f8db0d",
  "decode_stage_built": true,
  "device": "NVIDIA GeForce RTX 4090",
  "eos_token_id": 1,
  "errors": [],
  "experiment": "E8F-single-path-serving-loop",
  "global_row_shapes": [
    4,
    4096
  ],
  "host": "titan064",
  "load_seconds": 11.018031602958217,
  "max_new_tokens": 128,
  "max_seq_len": 8320,
  "num_prompts": 3,
  "prefill_chunk": 4096,
  "rank": 0,
  "requests": [
    {
      "captured": true,
      "decode_ms_per_token": 47.860725552597074,
      "decode_only_tok_s": 20.893958218436094,
      "decode_wall_ms": 4259.6045741811395,
      "first_token_ms": 16915.711503010243,
      "first_tokens": [
        53091,
        4374,
        1465,
        13582,
        22,
        8532,
        12519,
        120671
      ],
      "framework_ms": 21175.316077191383,
      "framework_tok_s": 4.2502317165854215,
      "hit_eos": true,
      "new_tokens": 90,
      "prefill_ms": 4219.208748079836,
      "prompt_len": 1024,
      "request": 0,
      "round": 0
    },
    {
      "captured": false,
      "decode_ms_per_token": 25.04886043309344,
      "decode_only_tok_s": 39.921975798900796,
      "decode_wall_ms": 3181.205275002867,
      "first_token_ms": 699.1493559908122,
      "first_tokens": [
        32111,
        377,
        270,
        37437,
        14,
        270,
        2038,
        1473
      ],
      "framework_ms": 3880.354630993679,
      "framework_tok_s": 32.98667574804157,
      "hit_eos": false,
      "new_tokens": 128,
      "prefill_ms": 188.33584594540298,
      "prompt_len": 1024,
      "request": 1,
      "round": 0
    },
    {
      "captured": false,
      "decode_ms_per_token": 25.06431509136108,
      "decode_only_tok_s": 39.89735990610292,
      "decode_wall_ms": 1428.6659602075815,
      "first_token_ms": 687.0438009500504,
      "first_tokens": [
        103248,
        10051,
        33657,
        2823,
        47725,
        768,
        666,
        3007
      ],
      "framework_ms": 2115.709761157632,
      "framework_tok_s": 27.413968146682237,
      "hit_eos": true,
      "new_tokens": 58,
      "prefill_ms": 183.5240749642253,
      "prompt_len": 1024,
      "request": 2,
      "round": 0
    },
    {
      "captured": false,
      "decode_ms_per_token": 25.113099325301775,
      "decode_only_tok_s": 39.81985604590378,
      "decode_wall_ms": 2235.065839951858,
      "first_token_ms": 685.8832980506122,
      "first_tokens": [
        53091,
        4374,
        1465,
        13582,
        22,
        8532,
        12519,
        120671
      ],
      "framework_ms": 2920.94913800247,
      "framework_tok_s": 30.811902483706955,
      "hit_eos": true,
      "new_tokens": 90,
      "prefill_ms": 181.8632280919701,
      "prompt_len": 1024,
      "request": 0,
      "round": 1
    },
    {
      "captured": false,
      "decode_ms_per_token": 25.097280110078533,
      "decode_only_tok_s": 39.844955135135194,
      "decode_wall_ms": 3187.354573979974,
      "first_token_ms": 688.0225669592619,
      "first_tokens": [
        32111,
        377,
        270,
        37437,
        14,
        270,
        2038,
        1473
      ],
      "framework_ms": 3875.3771409392357,
      "framework_tok_s": 33.02904345691061,
      "hit_eos": false,
      "new_tokens": 128,
      "prefill_ms": 183.52924101054668,
      "prompt_len": 1024,
      "request": 1,
      "round": 1
    },
    {
      "captured": false,
      "decode_ms_per_token": 25.13307947747148,
      "decode_only_tok_s": 39.788200283867695,
      "decode_wall_ms": 1432.5855302158743,
      "first_token_ms": 686.2691817805171,
      "first_tokens": [
        103248,
        10051,
        33657,
        2823,
        47725,
        768,
        666,
        3007
      ],
      "framework_ms": 2118.8547119963914,
      "framework_tok_s": 27.37327843745937,
      "hit_eos": true,
      "new_tokens": 58,
      "prefill_ms": 182.56113678216934,
      "prompt_len": 1024,
      "request": 2,
      "round": 1
    }
  ],
  "rounds": 2,
  "schema_version": 1,
  "stage": 0
}
