{
  "accepted": true,
  "argv": [
    "e8f_serving_loop.py",
    "--stage-root",
    "/home/cysic/Workspace/DeepSeek-V4-Flash",
    "--oracle-json",
    "oracle-long-v2.json",
    "--out-dir",
    "out-e8f-b2048",
    "--max-seq-len",
    "8320",
    "--prefill-chunk",
    "4096",
    "--prompt-min-tokens",
    "2048",
    "--prompt-max-tokens",
    "2048",
    "--max-new-tokens",
    "48",
    "--max-prompts",
    "3",
    "--rounds",
    "2"
  ],
  "bare_engine_tok_s": 39.2,
  "checkpoint_id": "0f57df0e1512f16f1788fb80389e4f3131706acf03c30bbce166879e97f8db0d",
  "decode_stage_built": true,
  "device": "NVIDIA GeForce RTX 4090",
  "eos_token_id": 1,
  "errors": [],
  "experiment": "E8F-single-path-serving-loop",
  "global_row_shapes": [
    4,
    8192
  ],
  "host": "titan064",
  "load_seconds": 11.014726273017004,
  "max_new_tokens": 48,
  "max_seq_len": 8320,
  "num_prompts": 3,
  "prefill_chunk": 4096,
  "rank": 0,
  "requests": [
    {
      "captured": true,
      "decode_ms_per_token": 68.25584059759498,
      "decode_only_tok_s": 14.650760890859724,
      "decode_wall_ms": 3208.0245080869645,
      "first_token_ms": 17356.086089042947,
      "first_tokens": [
        3655,
        23611,
        4413,
        7596,
        7018,
        2045,
        1828,
        303
      ],
      "framework_ms": 20564.11059712991,
      "framework_tok_s": 2.334163676726153,
      "new_tokens": 48,
      "prefill_ms": 4364.609124138951,
      "prompt_len": 2048,
      "request": 0,
      "round": 0
    },
    {
      "captured": false,
      "decode_ms_per_token": 24.910259659976717,
      "decode_only_tok_s": 40.14410181386823,
      "decode_wall_ms": 1170.7822040189058,
      "first_token_ms": 1341.4465470705181,
      "first_tokens": [
        32111,
        377,
        270,
        11868,
        2446,
        37437,
        14,
        270
      ],
      "framework_ms": 2512.228751089424,
      "framework_tok_s": 19.106540349554106,
      "new_tokens": 48,
      "prefill_ms": 346.7258419841528,
      "prompt_len": 2048,
      "request": 1,
      "round": 0
    },
    {
      "captured": false,
      "decode_ms_per_token": 24.73749482924951,
      "decode_only_tok_s": 40.42446524607674,
      "decode_wall_ms": 1162.662256974727,
      "first_token_ms": 1335.2833581157029,
      "first_tokens": [
        3655,
        103248,
        2823,
        25728,
        303,
        1057,
        46967,
        10861
      ],
      "framework_ms": 2497.94561509043,
      "framework_tok_s": 19.215790652136484,
      "new_tokens": 48,
      "prefill_ms": 340.78783192671835,
      "prompt_len": 2048,
      "request": 2,
      "round": 0
    },
    {
      "captured": false,
      "decode_ms_per_token": 24.7482049150115,
      "decode_only_tok_s": 40.406971068573576,
      "decode_wall_ms": 1163.1656310055405,
      "first_token_ms": 1334.8427361343056,
      "first_tokens": [
        3655,
        23611,
        4413,
        7596,
        7018,
        2045,
        1828,
        303
      ],
      "framework_ms": 2498.008367139846,
      "framework_tok_s": 19.21530793548091,
      "new_tokens": 48,
      "prefill_ms": 341.4983991533518,
      "prompt_len": 2048,
      "request": 0,
      "round": 1
    },
    {
      "captured": false,
      "decode_ms_per_token": 24.91813165908481,
      "decode_only_tok_s": 40.13141971000918,
      "decode_wall_ms": 1171.1521879769862,
      "first_token_ms": 1337.0215010363609,
      "first_tokens": [
        32111,
        377,
        270,
        11868,
        2446,
        37437,
        14,
        270
      ],
      "framework_ms": 2508.173689013347,
      "framework_tok_s": 19.137430637382217,
      "new_tokens": 48,
      "prefill_ms": 341.0165491513908,
      "prompt_len": 2048,
      "request": 1,
      "round": 1
    },
    {
      "captured": false,
      "decode_ms_per_token": 24.742722872922077,
      "decode_only_tok_s": 40.41592370960834,
      "decode_wall_ms": 1162.9079750273377,
      "first_token_ms": 1333.854628028348,
      "first_tokens": [
        3655,
        103248,
        2823,
        25728,
        303,
        1057,
        46967,
        10861
      ],
      "framework_ms": 2496.7626030556858,
      "framework_tok_s": 19.224895447110093,
      "new_tokens": 48,
      "prefill_ms": 340.7833429519087,
      "prompt_len": 2048,
      "request": 2,
      "round": 1
    }
  ],
  "rounds": 2,
  "schema_version": 1,
  "stage": 0
}
