{
  "meta": {
    "host": "titan065",
    "torch": "2.11.0+cu130",
    "device": "NVIDIA GeForce RTX 4090",
    "iters": 50,
    "rounds": 3,
    "heads": 64,
    "latent_dim": 512
  },
  "rows": [
    {
      "family": "window",
      "ctx": 2048,
      "bl": 32,
      "bf16": {
        "p50_us": 99.4099235534668,
        "rounds_us": [
          103.77,
          99.41,
          99.33
        ],
        "cache_bytes": 4194304
      },
      "fp8_cast": {
        "p50_us": 106.14784240722656,
        "rounds_us": [
          110.02,
          106.15,
          106.13
        ],
        "cache_bytes": 2097152
      },
      "fp8_scale": {
        "p50_us": 105.04192352294922,
        "rounds_us": [
          109.51,
          105.04,
          105.02
        ],
        "cache_bytes": 2113536
      },
      "fp8_cast_ratio": 1.0678,
      "fp8_scale_ratio": 1.0567
    },
    {
      "family": "window",
      "ctx": 2048,
      "bl": 64,
      "bf16": {
        "p50_us": 132.54528045654297,
        "rounds_us": [
          135.82,
          132.55,
          132.34
        ],
        "cache_bytes": 8388608
      },
      "fp8_cast": {
        "p50_us": 143.72735977172852,
        "rounds_us": [
          146.41,
          143.71,
          143.73
        ],
        "cache_bytes": 4194304
      },
      "fp8_scale": {
        "p50_us": 139.65312004089355,
        "rounds_us": [
          142.62,
          139.63,
          139.65
        ],
        "cache_bytes": 4227072
      },
      "fp8_cast_ratio": 1.0844,
      "fp8_scale_ratio": 1.0536
    },
    {
      "family": "window",
      "ctx": 2048,
      "bl": 128,
      "bf16": {
        "p50_us": 259.3561553955078,
        "rounds_us": [
          261.26,
          259.36,
          256.9
        ],
        "cache_bytes": 16777216
      },
      "fp8_cast": {
        "p50_us": 257.0240020751953,
        "rounds_us": [
          258.99,
          256.96,
          257.02
        ],
        "cache_bytes": 8388608
      },
      "fp8_scale": {
        "p50_us": 230.9107208251953,
        "rounds_us": [
          233.49,
          230.4,
          230.91
        ],
        "cache_bytes": 8454144
      },
      "fp8_cast_ratio": 0.991,
      "fp8_scale_ratio": 0.8903
    },
    {
      "family": "ratio128",
      "ctx": 2048,
      "bl": 32,
      "bf16": {
        "p50_us": 112.5376033782959,
        "rounds_us": [
          115.02,
          112.54,
          112.52
        ],
        "cache_bytes": 4718592
      },
      "fp8_cast": {
        "p50_us": 119.07072067260742,
        "rounds_us": [
          122.29,
          119.07,
          119.05
        ],
        "cache_bytes": 2359296
      },
      "fp8_scale": {
        "p50_us": 120.72959899902344,
        "rounds_us": [
          123.33,
          120.69,
          120.73
        ],
        "cache_bytes": 2377728
      },
      "fp8_cast_ratio": 1.0581,
      "fp8_scale_ratio": 1.0728
    },
    {
      "family": "ratio128",
      "ctx": 2048,
      "bl": 64,
      "bf16": {
        "p50_us": 160.60415267944336,
        "rounds_us": [
          164.8,
          160.6,
          160.48
        ],
        "cache_bytes": 9437184
      },
      "fp8_cast": {
        "p50_us": 167.23968505859375,
        "rounds_us": [
          169.45,
          167.16,
          167.24
        ],
        "cache_bytes": 4718592
      },
      "fp8_scale": {
        "p50_us": 168.2841682434082,
        "rounds_us": [
          171.62,
          168.08,
          168.28
        ],
        "cache_bytes": 4755456
      },
      "fp8_cast_ratio": 1.0413,
      "fp8_scale_ratio": 1.0478
    },
    {
      "family": "ratio128",
      "ctx": 2048,
      "bl": 128,
      "bf16": {
        "p50_us": 351.5353775024414,
        "rounds_us": [
          354.65,
          351.11,
          351.54
        ],
        "cache_bytes": 18874368
      },
      "fp8_cast": {
        "p50_us": 357.92896270751953,
        "rounds_us": [
          361.18,
          357.93,
          357.58
        ],
        "cache_bytes": 9437184
      },
      "fp8_scale": {
        "p50_us": 359.32159423828125,
        "rounds_us": [
          362.64,
          359.28,
          359.32
        ],
        "cache_bytes": 9510912
      },
      "fp8_cast_ratio": 1.0182,
      "fp8_scale_ratio": 1.0221
    },
    {
      "family": "ratio128",
      "ctx": 8192,
      "bl": 32,
      "bf16": {
        "p50_us": 125.23520469665527,
        "rounds_us": [
          127.96,
          125.23,
          125.24
        ],
        "cache_bytes": 6291456
      },
      "fp8_cast": {
        "p50_us": 133.42528343200684,
        "rounds_us": [
          136.23,
          133.43,
          133.4
        ],
        "cache_bytes": 3145728
      },
      "fp8_scale": {
        "p50_us": 135.12384414672852,
        "rounds_us": [
          139.35,
          135.12,
          135.07
        ],
        "cache_bytes": 3170304
      },
      "fp8_cast_ratio": 1.0654,
      "fp8_scale_ratio": 1.079
    },
    {
      "family": "ratio128",
      "ctx": 8192,
      "bl": 64,
      "bf16": {
        "p50_us": 206.9094467163086,
        "rounds_us": [
          208.14,
          206.91,
          206.73
        ],
        "cache_bytes": 12582912
      },
      "fp8_cast": {
        "p50_us": 209.30559158325195,
        "rounds_us": [
          214.14,
          209.31,
          209.29
        ],
        "cache_bytes": 6291456
      },
      "fp8_scale": {
        "p50_us": 216.59648895263672,
        "rounds_us": [
          219.38,
          216.6,
          216.37
        ],
        "cache_bytes": 6340608
      },
      "fp8_cast_ratio": 1.0116,
      "fp8_scale_ratio": 1.0468
    },
    {
      "family": "ratio128",
      "ctx": 8192,
      "bl": 128,
      "bf16": {
        "p50_us": 434.91329193115234,
        "rounds_us": [
          438.17,
          434.91,
          434.81
        ],
        "cache_bytes": 25165824
      },
      "fp8_cast": {
        "p50_us": 447.8976058959961,
        "rounds_us": [
          449.74,
          447.49,
          447.9
        ],
        "cache_bytes": 12582912
      },
      "fp8_scale": {
        "p50_us": 480.52223205566406,
        "rounds_us": [
          481.03,
          480.52,
          479.62
        ],
        "cache_bytes": 12681216
      },
      "fp8_cast_ratio": 1.0299,
      "fp8_scale_ratio": 1.1049
    },
    {
      "family": "ratio4",
      "ctx": 2048,
      "bl": 32,
      "bf16": {
        "p50_us": 336.42494201660156,
        "rounds_us": [
          338.86,
          336.42,
          336.16
        ],
        "cache_bytes": 20971520
      },
      "fp8_cast": {
        "p50_us": 357.25311279296875,
        "rounds_us": [
          363.17,
          357.25,
          356.51
        ],
        "cache_bytes": 10485760
      },
      "fp8_scale": {
        "p50_us": 361.0009765625,
        "rounds_us": [
          362.74,
          361.0,
          360.86
        ],
        "cache_bytes": 10567680
      },
      "fp8_cast_ratio": 1.0619,
      "fp8_scale_ratio": 1.0731
    },
    {
      "family": "ratio4",
      "ctx": 2048,
      "bl": 64,
      "bf16": {
        "p50_us": 735.9693145751953,
        "rounds_us": [
          738.96,
          735.38,
          735.97
        ],
        "cache_bytes": 41943040
      },
      "fp8_cast": {
        "p50_us": 748.8089752197266,
        "rounds_us": [
          750.26,
          748.5,
          748.81
        ],
        "cache_bytes": 20971520
      },
      "fp8_scale": {
        "p50_us": 959.3817901611328,
        "rounds_us": [
          962.4,
          957.91,
          959.38
        ],
        "cache_bytes": 21135360
      },
      "fp8_cast_ratio": 1.0174,
      "fp8_scale_ratio": 1.3036
    },
    {
      "family": "ratio4",
      "ctx": 2048,
      "bl": 128,
      "bf16": {
        "p50_us": 1794.0275573730469,
        "rounds_us": [
          1797.98,
          1794.03,
          1793.11
        ],