{
  "accepted": true,
  "checkpoint_id": "0f57df0e1512f16f1788fb80389e4f3131706acf03c30bbce166879e97f8db0d",
  "device": "NVIDIA GeForce RTX 4090",
  "diagnostic_seconds": {
    "load": 11.682091080816463,
    "mode_eager": 65.81746629998088,
    "process": 82.47885263408534
  },
  "errors": [],
  "experiment": "E0e2e-tp4-pp4-golden-token-gate",
  "fuse_min_seqlen": 1024,
  "global_row_shapes": [
    4,
    4096
  ],
  "host": "titan065",
  "indexer_kv_dtype": "bf16",
  "kv_dtype": "bf16",
  "local_rank": 1,
  "max_seq_len": 4224,
  "measurement_class": "semantic_e2e_golden_token_gate",
  "memory_after_load": {
    "free_bytes": 9852289024,
    "total_bytes": 25252724736
  },
  "memory_at_end": {
    "free_bytes": 9002942464,
    "peak_allocated_bytes": 14909627392,
    "peak_reserved_bytes": 15397289984,
    "total_bytes": 25252724736
  },
  "mode_summaries": {
    "eager": {
      "lane_argmax_agreement": false,
      "match_rate": 0.958984375,
      "matched_tokens": 491,
      "mismatch_count": 21,
      "mismatch_golden_deficit": {
        "max": 0.71380615234375,
        "median": 0.27901458740234375,
        "min": 0.000545501708984375
      },
      "mismatch_top2_gap": {
        "max": 0.71380615234375,
        "median": 0.25478363037109375,
        "min": 0.000545501708984375
      },
      "per_prompt": [
        {
          "compare_steps": 64,
          "first_mismatch": {
            "golden": 320,
            "golden_deficit": 0.000545501708984375,
            "golden_logit": 39.492515563964844,
            "match": false,
            "position": 1055,
            "predicted": 303,
            "step": 32,
            "top1_logit": 39.49306106567383,
            "top2_gap": 0.000545501708984375,
            "top2_logit": 39.492515563964844
          },
          "matched": 62,
          "prefill_evidence": {
            "chunk_lengths": [
              1024
            ],
            "hc_boundary": null,
            "max_chunk_rows_per_lane": 1024,
            "moe": {
              "overlapped_calls": 0,
              "overlapped_rows": 0,
              "sequential_calls": 10,
              "sequential_rows": 10240
            },
            "moe_global_rows": 4096,
            "peak_allocated_gib": 14.652372360229492,
            "prefill_forwards": 1,
            "rows_per_lane": 1024,
            "seqlen": 1024,
            "wall_ms": 16475.73221800849
          },
          "prompt_index": 0,
          "prompt_len": 1024
        },
        {
          "compare_steps": 64,
          "first_mismatch": {
            "golden": 59471,
            "golden_deficit": 0.27901458740234375,
            "golden_logit": 36.32844543457031,
            "match": false,
            "position": 1050,
            "predicted": 343,
            "step": 27,
            "top1_logit": 36.607460021972656,
            "top2_gap": 0.27901458740234375,
            "top2_logit": 36.32844543457031
          },
          "matched": 62,
          "prefill_evidence": {
            "chunk_lengths": [
              1024
            ],
            "hc_boundary": null,
            "max_chunk_rows_per_lane": 1024,
            "moe": {
              "overlapped_calls": 0,
              "overlapped_rows": 0,
              "sequential_calls": 10,
              "sequential_rows": 10240
            },
            "moe_global_rows": 4096,
            "peak_allocated_gib": 14.652372360229492,
            "prefill_forwards": 1,
            "rows_per_lane": 1024,
            "seqlen": 1024,
            "wall_ms": 733.7846339214593
          },
          "prompt_index": 1,
          "prompt_len": 1024
        },
        {
          "compare_steps": 64,
          "first_mismatch": {
            "golden": 59819,
            "golden_deficit": 0.06903839111328125,
            "golden_logit": 36.486488342285156,
            "match": false,
            "position": 1059,
            "predicted": 8842,
            "step": 36,
            "top1_logit": 36.55552673339844,
            "top2_gap": 0.06903839111328125,
            "top2_logit": 36.486488342285156
          },
          "matched": 63,
          "prefill_evidence": {
            "chunk_lengths": [
              1024
            ],
            "hc_boundary": null,
            "max_chunk_rows_per_lane": 1024,
            "moe": {
              "overlapped_calls": 0,
              "overlapped_rows": 0,
              "sequential_calls": 10,
              "sequential_rows": 10240
            },
            "moe_global_rows": 4096,
            "peak_allocated_gib": 14.652372360229492,
            "prefill_forwards": 1,
            "rows_per_lane": 1024,
            "seqlen": 1024,
            "wall_ms": 731.3340050168335
          },
          "prompt_index": 2,
          "prompt_len": 1024
        },
        {
          "compare_steps": 64,
          "first_mismatch": null,
          "matched": 64,
          "prefill_evidence": {
            "chunk_lengths": [
              1024,
              1024
            ],
            "hc_boundary": null,
            "max_chunk_rows_per_lane": 1024,
            "moe": {
              "overlapped_calls": 0,
              "overlapped_rows": 0,
              "sequential_calls": 20,
              "sequential_rows": 20480
            },
            "moe_global_rows": 8192,
            "peak_allocated_gib": 14.652372360229492,
            "prefill_forwards": 2,
            "rows_per_lane": 2048,
            "seqlen": 2048,
            "wall_ms": 954.0806310251355
          },
          "prompt_index": 3,
          "prompt_len": 2048
        },
        {
          "compare_steps": 64,
          "first_mismatch": {
            "golden": 38096,
            "golden_deficit": 0.2874298095703125,
            "golden_logit": 33.24878692626953,
            "match": false,
            "position": 2064,
            "predicted": 17105,
            "step": 17,
            "top1_logit": 33.536216735839844,
            "top2_gap": 0.2874298095703125,
            "top2_logit": 33.24878692626953
          },
          "matched": 60,
          "prefill_evidence": {
            "chunk_lengths": [
              1024,
              1024
            ],
            "hc_boundary": null,
            "max_chunk_rows_per_lane": 1024,
            "moe": {
              "overlapped_calls": 0,
              "overlapped_rows": 0,
              "sequential_calls": 20,
              "sequential_rows": 20480
            },
            "moe_global_rows": 8192,
            "peak_allocated_gib": 14.652372360229492,
            "prefill_forwards": 2,
            "rows_per_lane": 2048,
            "seqlen": 2048,
            "wall_ms": 955.7113093324006
          },
          "prompt_index": 4,
          "prompt_len": 2048
        },
        {
          "compare_steps": 64,
          "first_mismatch": {
            "golden": 25728,
            "golden_deficit": 0.38933563232421875,
            "golden_logit": 37.18141555786133,
            "match": false,
            "position": 2048,
            "predicted": 103248,
            "step": 1,
            "top1_logit": 37.57075119018555,
            "top2_gap": 0.38933563232421875,
            "top2_logit": 37.18141555786133
          },
          "matched": 59,
          "prefill_evidence": {
            "chunk_lengths": [
              1024,
              1024
            ],
            "hc_boundary": null,
            "max_chunk_rows_per_lane": 1024,
            "moe": {
              "overlapped_calls": 0,
              "overlapped_rows": 0,
              "sequential_calls": 20,
              "sequential_rows": 20480
            },
            "moe_global_rows": 8192,
            "peak_allocated_gib": 14.652372360229492,
            "prefill_forwards": 2,
            "rows_per_lane": 2048,
            "seqlen": 2048,
            "wall_ms": 950.0394552014768
          },
          "prompt_index": 5,
          "prompt_len": 2048
        },
        {
          "compare_steps": 64,