{
  "tag": "sparse",
  "argv": {
    "stage_root": "/home/cysic/Workspace/DeepSeek-V4-Flash",
    "out_dir": "out-c4f-sparse",
    "layer": 12,
    "chunk": 8192,
    "max_seq_len": 16384,
    "iters": 10,
    "warmup": 3,
    "seed": 20260727,
    "variant": "",
    "mode": "micro",
    "tag": "sparse"
  },
  "env": {
    "torch": "2.11.0+cu130",
    "python": "3.12.3",
    "device": "NVIDIA GeForce RTX 4090",
    "hostname": "titan064",
    "NCCL_P2P_LEVEL": "SYS",
    "PYTORCH_CUDA_ALLOC_CONF": "expandable_segments:True",
    "triton": "3.6.0",
    "tilelang": "0.1.8"
  },
  "result": {
    "mode": "micro",
    "chunk": 8192,
    "results": {
      "comp_main_fp32_ms": 1.7434045439586043,
      "comp_main_fp32_precast_ms": 1.535240444354713,
      "comp_main_tf32_ms": 1.050298917107284,
      "comp_main_bf16_ms": 0.4612070042639971,
      "comp_index_fp32_ms": 0.6350594339892268,
      "comp_index_fp32_precast_ms": 0.46572997234761715,
      "comp_index_tf32_ms": 0.24450744967907667,
      "comp_index_bf16_ms": 0.13216340448707342,
      "hidden_float_cast_ms": 0.2316678874194622,
      "hadamard_ms": 13.27665604185313,
      "fp4_quant_dequant_ms": 16.50643697939813,
      "hadamard_matmul_ms": 1.4795494498685002,
      "wo_a_einsum_ms": 3.2475709449499846,
      "wo_a_bmm_ms": 3.243126440793276,
      "wo_a_blockdiag_ms": 26.424460113048553,
      "topk512_ms": 0.6898789433762431,
      "topk512_sorted_false_ms": 0.5380189977586269,
      "topk512_bf16_ms": 0.397850526496768,
      "rope_tail_ms": 0.7697371765971184,
      "rope_tail_contiguous_ms": 0.7504704408347607,
      "sparse_wrapper_ms": 15.872278134338558,
      "sparse_kernel_only_ms": 13.312351540662348,
      "sparse_headslice_copy_ms": 1.1964780278503895,
      "sparse_flops_g": 687.19476736
    }
  },
  "ok": true
}