{
  "accepted": true,
  "checkpoint_id": "0f57df0e1512f16f1788fb80389e4f3131706acf03c30bbce166879e97f8db0d",
  "device": "NVIDIA GeForce RTX 4090",
  "diagnostic_seconds": {
    "load": 12.335594408912584,
    "mode_eager": 51.104215904837474,
    "process": 67.84479362005368
  },
  "errors": [],
  "experiment": "E0e2e-tp4-pp4-golden-token-gate",
  "fuse_min_seqlen": 1024,
  "global_row_shapes": [
    4,
    40,
    52,
    64,
    72,
    88
  ],
  "host": "titan065",
  "indexer_kv_dtype": "bf16",
  "kv_dtype": "bf16",
  "local_rank": 6,
  "measurement_class": "semantic_e2e_golden_token_gate",
  "memory_after_load": {
    "free_bytes": 7996309504,
    "total_bytes": 25252724736
  },
  "memory_at_end": {
    "free_bytes": 7931297792,
    "total_bytes": 25252724736
  },
  "mode_summaries": {
    "eager": {
      "lane_argmax_agreement": false,
      "match_rate": 0.970954356846473,
      "matched_tokens": 468,
      "mismatch_count": 14,
      "mismatch_golden_deficit": {
        "max": 0.9358501434326172,
        "median": 0.3372230529785156,
        "min": 0.03614044189453125
      },
      "mismatch_top2_gap": {
        "max": 0.7120208740234375,
        "median": 0.3372230529785156,
        "min": 0.03614044189453125
      },
      "per_prompt": [
        {
          "compare_steps": 2,
          "first_mismatch": null,
          "matched": 2,
          "prompt_index": 0
        },
        {
          "compare_steps": 29,
          "first_mismatch": {
            "golden": 1516,
            "golden_deficit": 0.038745880126953125,
            "golden_logit": 31.73373031616211,
            "match": false,
            "position": 25,
            "predicted": 9168,
            "step": 16,
            "top1_logit": 31.772476196289062,
            "top2_gap": 0.038745880126953125,
            "top2_logit": 31.73373031616211
          },
          "matched": 27,
          "prompt_index": 1
        },
        {
          "compare_steps": 128,
          "first_mismatch": {
            "golden": 3913,
            "golden_deficit": 0.7120208740234375,
            "golden_logit": 48.83704376220703,
            "match": false,
            "position": 39,
            "predicted": 66895,
            "step": 22,
            "top1_logit": 49.54906463623047,
            "top2_gap": 0.7120208740234375,
            "top2_logit": 48.83704376220703
          },
          "matched": 127,
          "prompt_index": 2
        },
        {
          "compare_steps": 128,
          "first_mismatch": {
            "golden": 4407,
            "golden_deficit": 0.9358501434326172,
            "golden_logit": 29.356565475463867,
            "match": false,
            "position": 26,
            "predicted": 1380,
            "step": 11,
            "top1_logit": 30.292415618896484,
            "top2_gap": 0.4758625030517578,
            "top2_logit": 29.816553115844727
          },
          "matched": 124,
          "prompt_index": 3
        },
        {
          "compare_steps": 13,
          "first_mismatch": {
            "golden": 671,
            "golden_deficit": 0.5751991271972656,
            "golden_logit": 36.561832427978516,
            "match": false,
            "position": 15,
            "predicted": 125386,
            "step": 0,
            "top1_logit": 37.13703155517578,
            "top2_gap": 0.5751991271972656,
            "top2_logit": 36.561832427978516
          },
          "matched": 11,
          "prompt_index": 4
        },
        {
          "compare_steps": 22,
          "first_mismatch": null,
          "matched": 22,
          "prompt_index": 5
        },
        {
          "compare_steps": 32,
          "first_mismatch": null,
          "matched": 32,
          "prompt_index": 6
        },
        {
          "compare_steps": 128,
          "first_mismatch": {
            "golden": 4102,
            "golden_deficit": 0.44048309326171875,
            "golden_logit": 33.062618255615234,
            "match": false,
            "position": 14,
            "predicted": 1870,
            "step": 2,
            "top1_logit": 33.50310134887695,
            "top2_gap": 0.44048309326171875,
            "top2_logit": 33.062618255615234
          },
          "matched": 123,
          "prompt_index": 7
        }
      ],
      "prompts": 8,
      "total_tokens": 482
    }
  },
  "modes": [
    "eager"
  ],
  "moe_input_dtype": "bf16",
  "nccl_env": {
    "NCCL_IB_DISABLE": "0",
    "NCCL_NET_GDR_LEVEL": null,
    "NCCL_P2P_LEVEL": "SYS",
    "NCCL_SOCKET_IFNAME": "enp33s0f0"
  },
  "placement": {
    "accepted": true,
    "ranks": [
      {
        "host": "titan064",
        "local_rank": 0,
        "rank": 0,
        "stage": 0
      },
      {
        "host": "titan064",
        "local_rank": 1,
        "rank": 1,
        "stage": 0
      },
      {
        "host": "titan064",
        "local_rank": 2,
        "rank": 2,
        "stage": 0
      },
      {
        "host": "titan064",
        "local_rank": 3,
        "rank": 3,
        "stage": 0
      },
      {
        "host": "titan064",
        "local_rank": 4,
        "rank": 4,
        "stage": 1
      },
      {
        "host": "titan064",
        "local_rank": 5,
        "rank": 5,
        "stage": 1
      },
      {
        "host": "titan064",
        "local_rank": 6,
        "rank": 6,
        "stage": 1
      },
      {
        "host": "titan064",
        "local_rank": 7,
        "rank": 7,
        "stage": 1
      },
      {
        "host": "titan065",
        "local_rank": 0,
        "rank": 8,
        "stage": 2
      },
      {
        "host": "titan065",
        "local_rank": 1,
        "rank": 9,
        "stage": 2
      },
      {
        "host": "titan065",
        "local_rank": 2,
        "rank": 10,
        "stage": 2
      },
      {
        "host": "titan065",
        "local_rank": 3,
        "rank": 11,
        "stage": 2
      },
      {
        "host": "titan065",
        "local_rank": 4,
        "rank": 12,
        "stage": 3
      },
      {
        "host": "titan065",
        "local_rank": 5,
        "rank": 13,
        "stage": 3
      },
      {
        "host": "titan065",
        "local_rank": 6,
        "rank": 14,
        "stage": 3
      },
      {
        "host": "titan065",
        "local_rank": 7,
        "rank": 15,
        "stage": 3
      }
    ],
    "stage_hosts": {
      "0": [
        "titan064"
      ],
      "1": [
        "titan064"
      ],
      "2": [
        "titan065"
      ],
      "3": [
        "titan065"
      ]
    }
  },
  "prompt_results": {
    "eager": [
      {
        "compare_steps": 2,
        "matched": 2,
        "prompt_index": 0
      },
      {
        "compare_steps": 29,
        "matched": 27,
        "prompt_index": 1
      },
      {
        "compare_steps": 128,
        "matched": 127,
        "prompt_index": 2
      },
      {
        "compare_steps": 128,
        "matched": 124,
        "prompt_index": 3
      },
      {
        "compare_steps": 13,
        "matched": 11,
        "prompt_index": 4
      },
      {
        "compare_steps": 22,
        "matched": 22,
        "prompt_index": 5
      },
      {
        "compare_steps": 32,
        "matched": 32,
        "prompt_index": 6
      },
      {
        "compare_steps": 128,
        "matched": 123,
        "prompt_index": 7
      }
    ]
  },
  "rank": 14,
  "ratio4_index_mode": "ref",
  "schema_version": 1,
  "stage": 3,
  "stage_layer_ids": {
    "0": [
      0,
      1,
      2,
      3,
      4,
      5,
      6,
      7,
      8,
      9,
      10
    ],
    "1": [
      11,
      12,
      13,
      14,
      15,
      16,
      17,
      18,
      19,
      20,
      21
    ],
    "2": [
      22,
      23,
      24,
      25,
      26,
      27,
      28,
      29,
      30,
      31,
      32
    ],
    "3": [
      33,
      34,
      35,
      36,
      37,
      38,
      39,
      40,
      41,
      42
    ]
  },