{
  "checkpoint_id": "49db58c5ed4cf8fcbb3493c52980595ba2b3ba881b4805a3679dca441974eb31",
  "config_contract": {
    "hidden_size": 4096,
    "moe_intermediate_size": 2048,
    "n_routed_experts": 256,
    "norm_topk_prob": true,
    "num_experts_per_tok": 6,
    "num_hash_layers": 3,
    "routed_scaling_factor": 1.5,
    "scoring_func": "sqrtsoftplus",
    "swiglu_limit": 10.0
  },
  "cuda": "13.0",
  "device": "NVIDIA GeForce RTX 4090",
  "diagnostic_seconds": {
    "load_and_repack": 5.916087549878284,
    "marlin_first_call": 2.409926010062918,
    "raw_checkpoint_oracle": 0.07888515410013497,
    "shared_bf16_fallback_and_oracle": 0.14456306607462466,
    "tp4moe_build": 0.0008127898909151554
  },
  "errors": [],
  "experiment": "E0cf-tp4-moe-forward",
  "host": "titan064",
  "input_scale": 0.02,
  "layer_id": 3,
  "local_rank": 1,
  "measurement_class": "correctness_only",
  "memory": {
    "allocated_gib": 0.8251900672912598,
    "peak_allocated_gib": 0.88323974609375,
    "peak_reserved_gib": 0.912109375,
    "reserved_gib": 0.912109375
  },
  "metrics": {
    "combined": {
      "finite": true,
      "max_abs": 8.20821151137352e-06,
      "reference_rms": 0.0004874732403550297,
      "rms_rel": 0.004008818881279287
    },
    "routed": {
      "finite": true,
      "max_abs": 6.015121471136808e-06,
      "reference_rms": 0.00039531965740025043,
      "rms_rel": 0.003814299377884103
    },
    "shared_bf16_fallback": {
      "finite": true,
      "max_abs": 3.949448000639677e-06,
      "reference_rms": 0.0002660661411937326,
      "rms_rel": 0.0036279834675550537
    }
  },
  "ok": true,
  "output_sha256": "6e431d234e96543e67f6f091bfe18b14fb304b8bb4e962d5639ea37c9caf3dbf",
  "process_seconds": 10.116334494901821,
  "rank": 1,
  "reduce_scatter": {
    "input_shape": [
      4,
      4096
    ],
    "output_shape": [
      1,
      4096
    ],
    "rank_order_metrics": {
      "finite": true,
      "max_abs": 7.62939453125e-06,
      "reference_rms": 0.0005056806257925928,
      "rms_rel": 0.003456034672611665
    }
  },
  "resident": {
    "identity": {
      "checkpoint_id": "49db58c5ed4cf8fcbb3493c52980595ba2b3ba881b4805a3679dca441974eb31",
      "intermediate_end": 1024,
      "intermediate_start": 512,
      "layer_id": 3,
      "rank": 1,
      "world_size": 4
    },
    "load_seconds": 5.757851989939809,
    "resident_bytes": 861931008,
    "routed": {
      "resident_bytes": 855638016,
      "tensors": {
        "w13_q": {
          "dtype": "torch.int32",
          "sample_sha256": "c4bd6ff96356b809ee3c63c04aa44117090b0d97fb8c40671f6a7162ef33976d",
          "shape": [
            256,
            256,
            2048
          ]
        },
        "w13_s": {
          "dtype": "torch.float8_e8m0fnu",
          "sample_sha256": "13e59dec1cbdc1c2a28715fee50af03290ed059d2244a86de9085e657caf816b",
          "shape": [
            256,
            128,
            1024
          ]
        },
        "w2_q": {
          "dtype": "torch.int32",
          "sample_sha256": "07f68f8a66b0b2fb3355b9ebace8e6681c8cc17691fe13ac4d52687ac95babd4",
          "shape": [
            256,
            32,
            8192
          ]
        },
        "w2_s": {
          "dtype": "torch.float8_e8m0fnu",
          "sample_sha256": "29dc681924a2bf8e3b3d0a6f9a669e192a297149fc147a9340cbbf495eb750e2",
          "shape": [
            256,
            16,
            4096
          ]
        }
      }
    },
    "sample_fingerprint": "ce712c0fa247da7b7f57d3db0cc9c10aff75526f61e934790083c3a654c40d67",
    "shared": {
      "resident_bytes": 6292992,
      "tensors": {
        "s1": {
          "dtype": "torch.float32",
          "sample_sha256": "8530473704cf5b67a46b36a69bdae67d9a6d7ea2725c1a7476284eb6118e1e34",
          "shape": [
            4,
            32
          ]
        },
        "s2": {
          "dtype": "torch.float32",
          "sample_sha256": "1c37e6c894a0da261e831503176275092a4844ea41c6bfbb915d406ec874f612",
          "shape": [
            32,
            4
          ]
        },
        "s3": {
          "dtype": "torch.float32",
          "sample_sha256": "f9bb29140e379a1d45cbfb5a0c3dfd80bec0b342956d414bd910d04370f09027",
          "shape": [
            4,
            32
          ]
        },
        "w1": {
          "dtype": "torch.float8_e4m3fn",
          "sample_sha256": "c9f80586245456b2ceca50acb8469145a359fc918c35aceb9ba5a62e883a5c22",
          "shape": [
            512,
            4096
          ]
        },
        "w2": {
          "dtype": "torch.float8_e4m3fn",
          "sample_sha256": "ad9aab3cf7c3250f77cd6664884e0e29724b974fb1e6a90cf12bb1eeb84ea89b",
          "shape": [
            4096,
            512
          ]
        },
        "w3": {
          "dtype": "torch.float8_e4m3fn",
          "sample_sha256": "89a6c37f2c05fe890fe17bf62e69b926515e56b99e1bda2192796586db91355a",
          "shape": [
            512,
            4096
          ]
        }
      }
    }
  },
  "routing": {
    "algorithm": "learned sqrtsoftplus; bias selection-only; normalized top-k",
    "all_rank_digest_match": true,
    "digest": "da32f8cbc51c27dc2b1a4529f31221f5fcf0ec1611a18a162baea8b098abd004:49fe8cbf1641cbc343fec347386f085d50dca881620086737b1b5fdb3a71c870",
    "ids_row_zero": [
      179,
      55,
      43,
      91,
      53,
      16
    ],
    "top6_top7_margin_min": 0.000232696533203125,
    "weight_sum_max": 1.5,
    "weight_sum_min": 1.5,
    "weights_row_zero": [
      0.2521941661834717,
      0.25183743238449097,
      0.2539424002170563,
      0.24879005551338196,
      0.24698391556739807,
      0.2462521195411682
    ]
  },
  "rows_per_rank": 1,
  "safetensors": "0.8.0",
  "schema_version": 1,
  "scope": "single-layer TP4 MoE component correctness; not full block, stage, or performance",
  "seed": 20260720,
  "torch": "2.11.0+cu130",
  "tp4moe_output_sha256": "6e431d234e96543e67f6f091bfe18b14fb304b8bb4e962d5639ea37c9caf3dbf",
  "tp4moe_runtime": {
    "buffer_slot": 0,
    "route_ids_match_manual": true,
    "route_ids_row_zero": [
      179,
      55,
      43,
      91,
      53,
      16
    ],
    "route_margin_min": 0.000232696533203125,
    "route_weights_row_zero": [
      0.2521941661834717,
      0.25183743238449097,
      0.2539424002170563,
      0.24879005551338196,
      0.24698391556739807,
      0.2462521195411682
    ],
    "shared_path": "bf16_dequant_correctness_fallback",
    "vs_manual_reduce_scatter": {
      "finite": true,
      "max_abs": 0.0,
      "reference_rms": 0.0005056394729763269,
      "rms_rel": 0.0
    },
    "vs_rank_order_all_reduce": {
      "finite": true,
      "max_abs": 7.62939453125e-06,
      "reference_rms": 0.0005056806257925928,
      "rms_rel": 0.003456034672611665
    }
  },
  "validations": [
    {
      "name": "all_intermediates_finite",
      "passed": true
    },
    {
      "name": "routed_rms_rel",
      "observed": 0.003814299377884103,
      "passed": true,
      "threshold": 0.03
    },
    {
      "name": "shared_bf16_fallback_rms_rel",
      "observed": 0.0036279834675550537,
      "passed": true,
      "threshold": 0.02
    },
    {
      "name": "combined_rms_rel",
      "observed": 0.004008818881279287,
      "passed": true,
      "threshold": 0.03
    },
    {
      "max_abs_threshold": 0.0001,
      "name": "reduce_scatter_rank_order",
      "observed_max_abs": 7.62939453125e-06,
      "observed_rms_rel": 0.003456034672611665,
      "passed": true,
      "reference_rms": 0.0005056806257925928,
      "rms_rel_threshold": 0.01
    },
    {
      "max_abs_threshold": 0.0001,
      "name": "tp4moe_runtime_vs_manual",
      "observed_max_abs": 0.0,
      "observed_rms_rel": 0.0,
      "passed": true,
      "rms_rel_threshold": 0.01
    },
    {
      "name": "tp4moe_route_ids_match_manual",
      "passed": true
    }
  ],
  "vllm": "0.22.1",
  "world": 4
}
