{
  "checkpoint_id": "49db58c5ed4cf8fcbb3493c52980595ba2b3ba881b4805a3679dca441974eb31",
  "config_contract": {
    "hidden_size": 4096,
    "moe_intermediate_size": 2048,
    "n_routed_experts": 256,
    "norm_topk_prob": true,
    "num_experts_per_tok": 6,
    "num_hash_layers": 3,
    "routed_scaling_factor": 1.5,
    "scoring_func": "sqrtsoftplus",
    "swiglu_limit": 10.0
  },
  "cuda": "13.0",
  "device": "NVIDIA GeForce RTX 4090",
  "diagnostic_seconds": {
    "load_and_repack": 5.940256322035566,
    "marlin_first_call": 2.4098672678228468,
    "raw_checkpoint_oracle": 0.07902573212049901,
    "shared_bf16_fallback_and_oracle": 0.14433010201901197,
    "tp4moe_build": 0.0008405728731304407
  },
  "errors": [],
  "experiment": "E0cf-tp4-moe-forward",
  "host": "titan064",
  "input_scale": 0.02,
  "layer_id": 3,
  "local_rank": 0,
  "measurement_class": "correctness_only",
  "memory": {
    "allocated_gib": 0.8251900672912598,
    "peak_allocated_gib": 0.88323974609375,
    "peak_reserved_gib": 0.912109375,
    "reserved_gib": 0.912109375
  },
  "metrics": {
    "combined": {
      "finite": true,
      "max_abs": 8.20821151137352e-06,
      "reference_rms": 0.0004874732403550297,
      "rms_rel": 0.004008818881279287
    },
    "routed": {
      "finite": true,
      "max_abs": 6.015121471136808e-06,
      "reference_rms": 0.00039531965740025043,
      "rms_rel": 0.003814299377884103
    },
    "shared_bf16_fallback": {
      "finite": true,
      "max_abs": 3.949448000639677e-06,
      "reference_rms": 0.0002660661411937326,
      "rms_rel": 0.0036279834675550537
    }
  },
  "ok": true,
  "output_sha256": "8a1af06ed7200e9c10315c81be5dfa1300118b23c66ee13ad128775cad67ae66",
  "process_seconds": 10.116693499032408,
  "rank": 0,
  "reduce_scatter": {
    "input_shape": [
      4,
      4096
    ],
    "output_shape": [
      1,
      4096
    ],
    "rank_order_metrics": {
      "finite": true,
      "max_abs": 1.52587890625e-05,
      "reference_rms": 0.00048734399024397135,
      "rms_rel": 0.0025499652803324356
    }
  },
  "resident": {
    "identity": {
      "checkpoint_id": "49db58c5ed4cf8fcbb3493c52980595ba2b3ba881b4805a3679dca441974eb31",
      "intermediate_end": 512,
      "intermediate_start": 0,
      "layer_id": 3,
      "rank": 0,
      "world_size": 4
    },
    "load_seconds": 5.719208281952888,
    "resident_bytes": 861931008,
    "routed": {
      "resident_bytes": 855638016,
      "tensors": {
        "w13_q": {
          "dtype": "torch.int32",
          "sample_sha256": "af947b45b1ec15e1a4226aa2fa6128a1acdba30265e04f0b6b3c3169fb61c515",
          "shape": [
            256,
            256,
            2048
          ]
        },
        "w13_s": {
          "dtype": "torch.float8_e8m0fnu",
          "sample_sha256": "c7cbacb9f4dfa0a9dc6aa646d6986e9b4e3ea3fa9cac8c007f6e4f2d33fc7b4c",
          "shape": [
            256,
            128,
            1024
          ]
        },
        "w2_q": {
          "dtype": "torch.int32",
          "sample_sha256": "fea738c58986a38dd2d21a18ec0cb64c7666ee30bc3dc2d22a03b4fd5ce36daf",
          "shape": [
            256,
            32,
            8192
          ]
        },
        "w2_s": {
          "dtype": "torch.float8_e8m0fnu",
          "sample_sha256": "e3357379a42865decd259eafd26740983016d027eb90d9d970f65369eef6a5ad",
          "shape": [
            256,
            16,
            4096
          ]
        }
      }
    },
    "sample_fingerprint": "737fa8d2144c0caf6252912e36da67ff198ea5f1d29dc0c1849091bd096e1cc8",
    "shared": {
      "resident_bytes": 6292992,
      "tensors": {
        "s1": {
          "dtype": "torch.float32",
          "sample_sha256": "88d7aae7098335bd7b90ef05457041b72e6c315f87476d45725d18db05aca33e",
          "shape": [
            4,
            32
          ]
        },
        "s2": {
          "dtype": "torch.float32",
          "sample_sha256": "934eb5e08ba5bec4ac47b8a0881ae046be73f5cb134c7e5bd99213807a2b586f",
          "shape": [
            32,
            4
          ]
        },
        "s3": {
          "dtype": "torch.float32",
          "sample_sha256": "c84086d44ed5e907ae07e4e4c87e2e69b05454b5dccb1b8c38a52c88f85ab8fe",
          "shape": [
            4,
            32
          ]
        },
        "w1": {
          "dtype": "torch.float8_e4m3fn",
          "sample_sha256": "dae4ce90ae5154490187dcce94d01c41e153d00483b0bcfa440ad3dcc8532c56",
          "shape": [
            512,
            4096
          ]
        },
        "w2": {
          "dtype": "torch.float8_e4m3fn",
          "sample_sha256": "3e28e2856adeecce8be8380de0d855062cf2b3c6fb2d441882354ab34ffa7b34",
          "shape": [
            4096,
            512
          ]
        },
        "w3": {
          "dtype": "torch.float8_e4m3fn",
          "sample_sha256": "5f075784527ebd5c2534f3a06b821473e552df94407f88f5f8a64d584d5e8e77",
          "shape": [
            512,
            4096
          ]
        }
      }
    }
  },
  "routing": {
    "algorithm": "learned sqrtsoftplus; bias selection-only; normalized top-k",
    "all_rank_digest_match": true,
    "digest": "da32f8cbc51c27dc2b1a4529f31221f5fcf0ec1611a18a162baea8b098abd004:49fe8cbf1641cbc343fec347386f085d50dca881620086737b1b5fdb3a71c870",
    "ids_row_zero": [
      179,
      55,
      43,
      91,
      53,
      16
    ],
    "top6_top7_margin_min": 0.000232696533203125,
    "weight_sum_max": 1.5,
    "weight_sum_min": 1.5,
    "weights_row_zero": [
      0.2521941661834717,
      0.25183743238449097,
      0.2539424002170563,
      0.24879005551338196,
      0.24698391556739807,
      0.2462521195411682
    ]
  },
  "rows_per_rank": 1,
  "safetensors": "0.8.0",
  "schema_version": 1,
  "scope": "single-layer TP4 MoE component correctness; not full block, stage, or performance",
  "seed": 20260720,
  "torch": "2.11.0+cu130",
  "tp4moe_output_sha256": "8a1af06ed7200e9c10315c81be5dfa1300118b23c66ee13ad128775cad67ae66",
  "tp4moe_runtime": {
    "buffer_slot": 0,
    "route_ids_match_manual": true,
    "route_ids_row_zero": [
      179,
      55,
      43,
      91,
      53,
      16
    ],
    "route_margin_min": 0.000232696533203125,
    "route_weights_row_zero": [
      0.2521941661834717,
      0.25183743238449097,
      0.2539424002170563,
      0.24879005551338196,
      0.24698391556739807,
      0.2462521195411682
    ],
    "row_zero_vs_fp32_oracle": {
      "finite": true,
      "max_abs": 1.0592397302389145e-05,
      "reference_rms": 0.0004874732403550297,
      "rms_rel": 0.00478680977298184
    },
    "shared_path": "bf16_dequant_correctness_fallback",
    "vs_manual_reduce_scatter": {
      "finite": true,
      "max_abs": 0.0,
      "reference_rms": 0.0004873093857895583,
      "rms_rel": 0.0
    },
    "vs_rank_order_all_reduce": {
      "finite": true,
      "max_abs": 1.52587890625e-05,
      "reference_rms": 0.00048734399024397135,
      "rms_rel": 0.0025499652803324356
    }
  },
  "validations": [
    {
      "name": "all_intermediates_finite",
      "passed": true
    },
    {
      "name": "routed_rms_rel",
      "observed": 0.003814299377884103,
      "passed": true,
      "threshold": 0.03
    },
    {
      "name": "shared_bf16_fallback_rms_rel",
      "observed": 0.0036279834675550537,
      "passed": true,
      "threshold": 0.02
    },
    {
      "name": "combined_rms_rel",
      "observed": 0.004008818881279287,
      "passed": true,
      "threshold": 0.03
    },
    {
      "max_abs_threshold": 0.0001,
      "name": "reduce_scatter_rank_order",
      "observed_max_abs": 1.52587890625e-05,
      "observed_rms_rel": 0.0025499652803324356,
      "passed": true,
      "reference_rms": 0.00048734399024397135,
      "rms_rel_threshold": 0.01
    },
    {
      "max_abs_threshold": 0.0001,
      "name": "tp4moe_runtime_vs_manual",
      "observed_max_abs": 0.0,
      "observed_rms_rel": 0.0,
      "passed": true,