{
  "accepted": true,
  "checkpoint_id": "0f57df0e1512f16f1788fb80389e4f3131706acf03c30bbce166879e97f8db0d",
  "device": "NVIDIA GeForce RTX 4090",
  "diagnostic_seconds": {
    "load": 11.893834837945178,
    "mode_fused": 68.1634245319292,
    "process": 84.80682888394222
  },
  "errors": [],
  "experiment": "E0e2e-tp4-pp4-golden-token-gate",
  "fuse_min_seqlen": 1024,
  "global_row_shapes": [
    4,
    4096,
    8192,
    16384
  ],
  "host": "titan065",
  "indexer_kv_dtype": "bf16",
  "kv_dtype": "bf16",
  "local_rank": 5,
  "max_seq_len": 4224,
  "measurement_class": "semantic_e2e_golden_token_gate",
  "memory_after_load": {
    "free_bytes": 6024986624,
    "total_bytes": 25252724736
  },
  "memory_at_end": {
    "free_bytes": 3483238400,
    "peak_allocated_bytes": 19777155072,
    "peak_reserved_bytes": 20914896896,
    "total_bytes": 25252724736
  },
  "mode_summaries": {
    "fused": {
      "lane_argmax_agreement": false,
      "match_rate": 0.955078125,
      "matched_tokens": 489,
      "mismatch_count": 23,
      "mismatch_golden_deficit": {
        "max": 1.4920234680175781,
        "median": 0.22003936767578125,
        "min": 0.008052825927734375
      },
      "mismatch_top2_gap": {
        "max": 1.4920234680175781,
        "median": 0.21273422241210938,
        "min": 0.008052825927734375
      },
      "per_prompt": [
        {
          "compare_steps": 64,
          "first_mismatch": {
            "golden": 3451,
            "golden_deficit": 0.3548774719238281,
            "golden_logit": 40.67057418823242,
            "match": false,
            "position": 1049,
            "predicted": 5852,
            "step": 26,
            "top1_logit": 41.02545166015625,
            "top2_gap": 0.3548774719238281,
            "top2_logit": 40.67057418823242
          },
          "matched": 61,
          "prefill_evidence": {
            "hc_boundary": {
              "calls": 19,
              "kernel_launches": 38,
              "max_rows": 896,
              "row_histogram": {
                "1024": 19
              },
              "split_calls": 19
            },
            "moe": {
              "overlapped_calls": 0,
              "overlapped_rows": 0,
              "sequential_calls": 10,
              "sequential_rows": 10240
            },
            "moe_global_rows": 4096,
            "prefill_forwards": 1,
            "rows_per_lane": 1024,
            "seqlen": 1024,
            "wall_ms": 17452.74499198422
          },
          "prompt_index": 0,
          "prompt_len": 1024
        },
        {
          "compare_steps": 64,
          "first_mismatch": {
            "golden": 4496,
            "golden_deficit": 0.18413925170898438,
            "golden_logit": 42.88438034057617,
            "match": false,
            "position": 1026,
            "predicted": 37437,
            "step": 3,
            "top1_logit": 43.068519592285156,
            "top2_gap": 0.18413925170898438,
            "top2_logit": 42.88438034057617
          },
          "matched": 60,
          "prefill_evidence": {
            "hc_boundary": {
              "calls": 19,
              "kernel_launches": 38,
              "max_rows": 896,
              "row_histogram": {
                "1024": 19
              },
              "split_calls": 19
            },
            "moe": {
              "overlapped_calls": 0,
              "overlapped_rows": 0,
              "sequential_calls": 10,
              "sequential_rows": 10240
            },
            "moe_global_rows": 4096,
            "prefill_forwards": 1,
            "rows_per_lane": 1024,
            "seqlen": 1024,
            "wall_ms": 620.708683039993
          },
          "prompt_index": 1,
          "prompt_len": 1024
        },
        {
          "compare_steps": 64,
          "first_mismatch": {
            "golden": 6232,
            "golden_deficit": 0.06393051147460938,
            "golden_logit": 32.75404739379883,
            "match": false,
            "position": 1042,
            "predicted": 1542,
            "step": 19,
            "top1_logit": 32.81797790527344,
            "top2_gap": 0.06393051147460938,
            "top2_logit": 32.75404739379883
          },
          "matched": 62,
          "prefill_evidence": {
            "hc_boundary": {
              "calls": 19,
              "kernel_launches": 38,
              "max_rows": 896,
              "row_histogram": {
                "1024": 19
              },
              "split_calls": 19
            },
            "moe": {
              "overlapped_calls": 0,
              "overlapped_rows": 0,
              "sequential_calls": 10,
              "sequential_rows": 10240
            },
            "moe_global_rows": 4096,
            "prefill_forwards": 1,
            "rows_per_lane": 1024,
            "seqlen": 1024,
            "wall_ms": 619.5557771716267
          },
          "prompt_index": 2,
          "prompt_len": 1024
        },
        {
          "compare_steps": 64,
          "first_mismatch": {
            "golden": 10227,
            "golden_deficit": 0.36334991455078125,
            "golden_logit": 32.77826690673828,
            "match": false,
            "position": 2092,
            "predicted": 430,
            "step": 45,
            "top1_logit": 33.14161682128906,
            "top2_gap": 0.36334991455078125,
            "top2_logit": 32.77826690673828
          },
          "matched": 63,
          "prefill_evidence": {
            "hc_boundary": {
              "calls": 19,
              "kernel_launches": 57,
              "max_rows": 896,
              "row_histogram": {
                "2048": 19
              },
              "split_calls": 19
            },
            "moe": {
              "overlapped_calls": 0,
              "overlapped_rows": 0,
              "sequential_calls": 10,
              "sequential_rows": 20480
            },
            "moe_global_rows": 8192,
            "prefill_forwards": 1,
            "rows_per_lane": 2048,
            "seqlen": 2048,
            "wall_ms": 1259.3273960519582
          },
          "prompt_index": 3,
          "prompt_len": 2048
        },
        {
          "compare_steps": 64,
          "first_mismatch": {
            "golden": 38096,
            "golden_deficit": 1.4920234680175781,
            "golden_logit": 33.16669464111328,
            "match": false,
            "position": 2064,
            "predicted": 17105,
            "step": 17,
            "top1_logit": 34.65871810913086,
            "top2_gap": 1.4920234680175781,
            "top2_logit": 33.16669464111328
          },
          "matched": 60,
          "prefill_evidence": {
            "hc_boundary": {
              "calls": 19,
              "kernel_launches": 57,
              "max_rows": 896,
              "row_histogram": {
                "2048": 19
              },
              "split_calls": 19
            },
            "moe": {
              "overlapped_calls": 0,
              "overlapped_rows": 0,
              "sequential_calls": 10,
              "sequential_rows": 20480
            },
            "moe_global_rows": 8192,
            "prefill_forwards": 1,
            "rows_per_lane": 2048,
            "seqlen": 2048,
            "wall_ms": 1258.8773001916707
          },
          "prompt_index": 4,
          "prompt_len": 2048
        },
        {
          "compare_steps": 64,
          "first_mismatch": {
            "golden": 46967,
            "golden_deficit": 0.080169677734375,
            "golden_logit": 40.445987701416016,
            "match": false,
            "position": 2052,
            "predicted": 83633,
            "step": 5,
            "top1_logit": 40.52615737915039,
            "top2_gap": 0.080169677734375,
            "top2_logit": 40.445987701416016
          },
          "matched": 60,
          "prefill_evidence": {
            "hc_boundary": {
              "calls": 19,
              "kernel_launches": 57,