{
  "accepted": true,
  "checkpoint_id": "0f57df0e1512f16f1788fb80389e4f3131706acf03c30bbce166879e97f8db0d",
  "device": "NVIDIA GeForce RTX 4090",
  "diagnostic_seconds": {
    "load": 12.370383227011189,
    "mode_fused": 40.80839944607578,
    "process": 57.536605501081795
  },
  "errors": [],
  "experiment": "E0e2e-tp4-pp4-golden-token-gate",
  "global_row_shapes": [
    4,
    40,
    52,
    64,
    72,
    88
  ],
  "host": "titan065",
  "indexer_kv_dtype": "bf16",
  "kv_dtype": "fp8_rope_bf16",
  "local_rank": 1,
  "measurement_class": "semantic_e2e_golden_token_gate",
  "memory_after_load": {
    "free_bytes": 9931980800,
    "total_bytes": 25252724736
  },
  "memory_at_end": {
    "free_bytes": 9869066240,
    "total_bytes": 25252724736
  },
  "mode_summaries": {
    "fused": {
      "lane_argmax_agreement": false,
      "match_rate": 0.975103734439834,
      "matched_tokens": 470,
      "mismatch_count": 12,
      "mismatch_golden_deficit": {
        "max": 1.1952381134033203,
        "median": 0.3833427429199219,
        "min": 0.025018692016601562
      },
      "mismatch_top2_gap": {
        "max": 0.7145538330078125,
        "median": 0.37340545654296875,
        "min": 0.025018692016601562
      },
      "per_prompt": [
        {
          "compare_steps": 2,
          "first_mismatch": null,
          "matched": 2,
          "prompt_index": 0
        },
        {
          "compare_steps": 29,
          "first_mismatch": {
            "golden": 9299,
            "golden_deficit": 0.20053482055664062,
            "golden_logit": 33.092315673828125,
            "match": false,
            "position": 32,
            "predicted": 2882,
            "step": 23,
            "top1_logit": 33.292850494384766,
            "top2_gap": 0.20053482055664062,
            "top2_logit": 33.092315673828125
          },
          "matched": 28,
          "prompt_index": 1
        },
        {
          "compare_steps": 128,
          "first_mismatch": {
            "golden": 3913,
            "golden_deficit": 0.11817169189453125,
            "golden_logit": 49.26969909667969,
            "match": false,
            "position": 39,
            "predicted": 66895,
            "step": 22,
            "top1_logit": 49.38787078857422,
            "top2_gap": 0.11817169189453125,
            "top2_logit": 49.26969909667969
          },
          "matched": 127,
          "prompt_index": 2
        },
        {
          "compare_steps": 128,
          "first_mismatch": {
            "golden": 4407,
            "golden_deficit": 1.1952381134033203,
            "golden_logit": 29.050193786621094,
            "match": false,
            "position": 26,
            "predicted": 1380,
            "step": 11,
            "top1_logit": 30.245431900024414,
            "top2_gap": 0.3869152069091797,
            "top2_logit": 29.858516693115234
          },
          "matched": 126,
          "prompt_index": 3
        },
        {
          "compare_steps": 13,
          "first_mismatch": {
            "golden": 10055,
            "golden_deficit": 0.5409317016601562,
            "golden_logit": 43.293983459472656,
            "match": false,
            "position": 25,
            "predicted": 5002,
            "step": 10,
            "top1_logit": 43.83491516113281,
            "top2_gap": 0.5409317016601562,
            "top2_logit": 43.293983459472656
          },
          "matched": 12,
          "prompt_index": 4
        },
        {
          "compare_steps": 22,
          "first_mismatch": null,
          "matched": 22,
          "prompt_index": 5
        },
        {
          "compare_steps": 32,
          "first_mismatch": null,
          "matched": 32,
          "prompt_index": 6
        },
        {
          "compare_steps": 128,
          "first_mismatch": {
            "golden": 4102,
            "golden_deficit": 0.8419532775878906,
            "golden_logit": 32.89670944213867,
            "match": false,
            "position": 14,
            "predicted": 1870,
            "step": 2,
            "top1_logit": 33.73866271972656,
            "top2_gap": 0.7145538330078125,
            "top2_logit": 33.02410888671875
          },
          "matched": 121,
          "prompt_index": 7
        }
      ],
      "prompts": 8,
      "total_tokens": 482
    }
  },
  "modes": [
    "fused"
  ],
  "nccl_env": {
    "NCCL_IB_DISABLE": "0",
    "NCCL_NET_GDR_LEVEL": null,
    "NCCL_P2P_LEVEL": "SYS",
    "NCCL_SOCKET_IFNAME": "enp33s0f0"
  },
  "placement": {
    "accepted": true,
    "ranks": [
      {
        "host": "titan064",
        "local_rank": 0,
        "rank": 0,
        "stage": 0
      },
      {
        "host": "titan064",
        "local_rank": 1,
        "rank": 1,
        "stage": 0
      },
      {
        "host": "titan064",
        "local_rank": 2,
        "rank": 2,
        "stage": 0
      },
      {
        "host": "titan064",
        "local_rank": 3,
        "rank": 3,
        "stage": 0
      },
      {
        "host": "titan064",
        "local_rank": 4,
        "rank": 4,
        "stage": 1
      },
      {
        "host": "titan064",
        "local_rank": 5,
        "rank": 5,
        "stage": 1
      },
      {
        "host": "titan064",
        "local_rank": 6,
        "rank": 6,
        "stage": 1
      },
      {
        "host": "titan064",
        "local_rank": 7,
        "rank": 7,
        "stage": 1
      },
      {
        "host": "titan065",
        "local_rank": 0,
        "rank": 8,
        "stage": 2
      },
      {
        "host": "titan065",
        "local_rank": 1,
        "rank": 9,
        "stage": 2
      },
      {
        "host": "titan065",
        "local_rank": 2,
        "rank": 10,
        "stage": 2
      },
      {
        "host": "titan065",
        "local_rank": 3,
        "rank": 11,
        "stage": 2
      },
      {
        "host": "titan065",
        "local_rank": 4,
        "rank": 12,
        "stage": 3
      },
      {
        "host": "titan065",
        "local_rank": 5,
        "rank": 13,
        "stage": 3
      },
      {
        "host": "titan065",
        "local_rank": 6,
        "rank": 14,
        "stage": 3
      },
      {
        "host": "titan065",
        "local_rank": 7,
        "rank": 15,
        "stage": 3
      }
    ],
    "stage_hosts": {
      "0": [
        "titan064"
      ],
      "1": [
        "titan064"
      ],
      "2": [
        "titan065"
      ],
      "3": [
        "titan065"
      ]
    }
  },
  "prompt_results": {
    "fused": [
      {
        "compare_steps": 2,
        "matched": 2,
        "prompt_index": 0
      },
      {
        "compare_steps": 29,
        "matched": 28,
        "prompt_index": 1
      },
      {
        "compare_steps": 128,
        "matched": 127,
        "prompt_index": 2
      },
      {
        "compare_steps": 128,
        "matched": 126,
        "prompt_index": 3
      },
      {
        "compare_steps": 13,
        "matched": 12,
        "prompt_index": 4
      },
      {
        "compare_steps": 22,
        "matched": 22,
        "prompt_index": 5
      },
      {
        "compare_steps": 32,
        "matched": 32,
        "prompt_index": 6
      },
      {
        "compare_steps": 128,
        "matched": 121,
        "prompt_index": 7
      }
    ]
  },
  "rank": 9,
  "schema_version": 1,
  "stage": 2,
  "stage_layer_ids": {
    "0": [
      0,
      1,
      2,
      3,
      4,
      5,
      6,
      7,
      8,
      9,
      10
    ],
    "1": [
      11,
      12,
      13,
      14,
      15,
      16,
      17,
      18,
      19,
      20,
      21
    ],
    "2": [
      22,
      23,
      24,
      25,
      26,
      27,
      28,
      29,
      30,
      31,
      32
    ],
    "3": [
      33,
      34,
      35,
      36,
      37,
      38,
      39,
      40,
      41,
      42
    ]
  },
  "tokenizer_preflight": {
    "accepted": true,
    "eos_token_id": 1
  },
  "torch": "2.11.0+cu130",