{
  "accepted": true,
  "checkpoint_id": "0f57df0e1512f16f1788fb80389e4f3131706acf03c30bbce166879e97f8db0d",
  "device": "NVIDIA GeForce RTX 4090",
  "diagnostic_seconds": {
    "load": 12.41865110094659,
    "mode_eager": 51.52549609914422,
    "process": 68.40845921309665
  },
  "errors": [],
  "experiment": "E0e2e-tp4-pp4-golden-token-gate",
  "fuse_min_seqlen": 1024,
  "global_row_shapes": [
    4,
    40,
    52,
    64,
    72,
    88
  ],
  "host": "titan064",
  "indexer_kv_dtype": "bf16",
  "kv_dtype": "bf16",
  "local_rank": 4,
  "measurement_class": "semantic_e2e_golden_token_gate",
  "memory_after_load": {
    "free_bytes": 9936175104,
    "total_bytes": 25252724736
  },
  "memory_at_end": {
    "free_bytes": 9877454848,
    "total_bytes": 25252724736
  },
  "mode_summaries": {
    "eager": {
      "lane_argmax_agreement": false,
      "match_rate": 0.970954356846473,
      "matched_tokens": 468,
      "mismatch_count": 14,
      "mismatch_golden_deficit": {
        "max": 1.2374706268310547,
        "median": 0.2741432189941406,
        "min": 0.00478363037109375
      },
      "mismatch_top2_gap": {
        "max": 0.7190017700195312,
        "median": 0.2327880859375,
        "min": 0.00478363037109375
      },
      "per_prompt": [
        {
          "compare_steps": 2,
          "first_mismatch": null,
          "matched": 2,
          "prompt_index": 0
        },
        {
          "compare_steps": 29,
          "first_mismatch": null,
          "matched": 29,
          "prompt_index": 1
        },
        {
          "compare_steps": 128,
          "first_mismatch": {
            "golden": 3913,
            "golden_deficit": 0.11706161499023438,
            "golden_logit": 49.05155944824219,
            "match": false,
            "position": 39,
            "predicted": 66895,
            "step": 22,
            "top1_logit": 49.16862106323242,
            "top2_gap": 0.11706161499023438,
            "top2_logit": 49.05155944824219
          },
          "matched": 127,
          "prompt_index": 2
        },
        {
          "compare_steps": 128,
          "first_mismatch": {
            "golden": 4407,
            "golden_deficit": 1.2374706268310547,
            "golden_logit": 28.685638427734375,
            "match": false,
            "position": 26,
            "predicted": 1380,
            "step": 11,
            "top1_logit": 29.92310905456543,
            "top2_gap": 0.08586311340332031,
            "top2_logit": 29.83724594116211
          },
          "matched": 123,
          "prompt_index": 3
        },
        {
          "compare_steps": 13,
          "first_mismatch": {
            "golden": 10055,
            "golden_deficit": 0.2741432189941406,
            "golden_logit": 43.234222412109375,
            "match": false,
            "position": 25,
            "predicted": 5002,
            "step": 10,
            "top1_logit": 43.508365631103516,
            "top2_gap": 0.2741432189941406,
            "top2_logit": 43.234222412109375
          },
          "matched": 12,
          "prompt_index": 4
        },
        {
          "compare_steps": 22,
          "first_mismatch": null,
          "matched": 22,
          "prompt_index": 5
        },
        {
          "compare_steps": 32,
          "first_mismatch": null,
          "matched": 32,
          "prompt_index": 6
        },
        {
          "compare_steps": 128,
          "first_mismatch": {
            "golden": 4102,
            "golden_deficit": 0.15877914428710938,
            "golden_logit": 32.87208557128906,
            "match": false,
            "position": 14,
            "predicted": 1870,
            "step": 2,
            "top1_logit": 33.03086471557617,
            "top2_gap": 0.15877914428710938,
            "top2_logit": 32.87208557128906
          },
          "matched": 121,
          "prompt_index": 7
        }
      ],
      "prompts": 8,
      "total_tokens": 482
    }
  },
  "modes": [
    "eager"
  ],
  "moe_input_dtype": "fp8",
  "nccl_env": {
    "NCCL_IB_DISABLE": "0",
    "NCCL_NET_GDR_LEVEL": null,
    "NCCL_P2P_LEVEL": "SYS",
    "NCCL_SOCKET_IFNAME": "enp33s0f0"
  },
  "placement": {
    "accepted": true,
    "ranks": [
      {
        "host": "titan064",
        "local_rank": 0,
        "rank": 0,
        "stage": 0
      },
      {
        "host": "titan064",
        "local_rank": 1,
        "rank": 1,
        "stage": 0
      },
      {
        "host": "titan064",
        "local_rank": 2,
        "rank": 2,
        "stage": 0
      },
      {
        "host": "titan064",
        "local_rank": 3,
        "rank": 3,
        "stage": 0
      },
      {
        "host": "titan064",
        "local_rank": 4,
        "rank": 4,
        "stage": 1
      },
      {
        "host": "titan064",
        "local_rank": 5,
        "rank": 5,
        "stage": 1
      },
      {
        "host": "titan064",
        "local_rank": 6,
        "rank": 6,
        "stage": 1
      },
      {
        "host": "titan064",
        "local_rank": 7,
        "rank": 7,
        "stage": 1
      },
      {
        "host": "titan065",
        "local_rank": 0,
        "rank": 8,
        "stage": 2
      },
      {
        "host": "titan065",
        "local_rank": 1,
        "rank": 9,
        "stage": 2
      },
      {
        "host": "titan065",
        "local_rank": 2,
        "rank": 10,
        "stage": 2
      },
      {
        "host": "titan065",
        "local_rank": 3,
        "rank": 11,
        "stage": 2
      },
      {
        "host": "titan065",
        "local_rank": 4,
        "rank": 12,
        "stage": 3
      },
      {
        "host": "titan065",
        "local_rank": 5,
        "rank": 13,
        "stage": 3
      },
      {
        "host": "titan065",
        "local_rank": 6,
        "rank": 14,
        "stage": 3
      },
      {
        "host": "titan065",
        "local_rank": 7,
        "rank": 15,
        "stage": 3
      }
    ],
    "stage_hosts": {
      "0": [
        "titan064"
      ],
      "1": [
        "titan064"
      ],
      "2": [
        "titan065"
      ],
      "3": [
        "titan065"
      ]
    }
  },
  "prompt_results": {
    "eager": [
      {
        "compare_steps": 2,
        "matched": 2,
        "prompt_index": 0
      },
      {
        "compare_steps": 29,
        "matched": 29,
        "prompt_index": 1
      },
      {
        "compare_steps": 128,
        "matched": 127,
        "prompt_index": 2
      },
      {
        "compare_steps": 128,
        "matched": 123,
        "prompt_index": 3
      },
      {
        "compare_steps": 13,
        "matched": 12,
        "prompt_index": 4
      },
      {
        "compare_steps": 22,
        "matched": 22,
        "prompt_index": 5
      },
      {
        "compare_steps": 32,
        "matched": 32,
        "prompt_index": 6
      },
      {
        "compare_steps": 128,
        "matched": 121,
        "prompt_index": 7
      }
    ]
  },
  "rank": 4,
  "ratio4_index_mode": "ref",
  "schema_version": 1,
  "stage": 1,
  "stage_layer_ids": {
    "0": [
      0,
      1,
      2,
      3,
      4,
      5,
      6,
      7,
      8,
      9,
      10
    ],
    "1": [
      11,
      12,
      13,
      14,
      15,
      16,
      17,
      18,
      19,
      20,
      21
    ],
    "2": [
      22,
      23,
      24,
      25,
      26,
      27,
      28,
      29,
      30,
      31,
      32
    ],
    "3": [
      33,
      34,
      35,
      36,
      37,
      38,
      39,
      40,
      41,
      42
    ]
  },
  "tokenizer_preflight": {
    "accepted": true,
    "eos_token_id": 1
  },
  "torch": "2.11.0+cu130",
  "tp_group_binding": {
    "backend": "nccl",
    "global_rank": 4,
    "global_ranks": [
      4,
      5,
      6,
      7
    ],
    "local_rank": 0,
    "validated_live": true,
    "world_size": 4
  },
  "tp_rank": 0,
  "world": 16
}
