{
  "accepted": true,
  "checkpoint_id": "0f57df0e1512f16f1788fb80389e4f3131706acf03c30bbce166879e97f8db0d",
  "device": "NVIDIA GeForce RTX 4090",
  "diagnostic_seconds": {
    "load": 12.257067084079608,
    "mode_eager": 50.65517516899854,
    "mode_fused": 38.33592397090979,
    "process": 105.89321534894407
  },
  "errors": [],
  "experiment": "E0e2e-tp4-pp4-golden-token-gate",
  "global_row_shapes": [
    4,
    40,
    52,
    64,
    72,
    88
  ],
  "host": "titan065",
  "local_rank": 0,
  "measurement_class": "semantic_e2e_golden_token_gate",
  "memory_after_load": {
    "free_bytes": 9952952320,
    "total_bytes": 25252724736
  },
  "memory_at_end": {
    "free_bytes": 9869066240,
    "total_bytes": 25252724736
  },
  "mode_summaries": {
    "eager": {
      "lane_argmax_agreement": false,
      "match_rate": 0.970954356846473,
      "matched_tokens": 468,
      "mismatch_count": 14,
      "mismatch_golden_deficit": {
        "max": 0.9358501434326172,
        "median": 0.3372230529785156,
        "min": 0.03614044189453125
      },
      "mismatch_top2_gap": {
        "max": 0.7120208740234375,
        "median": 0.3372230529785156,
        "min": 0.03614044189453125
      },
      "per_prompt": [
        {
          "compare_steps": 2,
          "first_mismatch": null,
          "matched": 2,
          "prompt_index": 0
        },
        {
          "compare_steps": 29,
          "first_mismatch": {
            "golden": 1516,
            "golden_deficit": 0.038745880126953125,
            "golden_logit": 31.73373031616211,
            "match": false,
            "position": 25,
            "predicted": 9168,
            "step": 16,
            "top1_logit": 31.772476196289062,
            "top2_gap": 0.038745880126953125,
            "top2_logit": 31.73373031616211
          },
          "matched": 27,
          "prompt_index": 1
        },
        {
          "compare_steps": 128,
          "first_mismatch": {
            "golden": 3913,
            "golden_deficit": 0.7120208740234375,
            "golden_logit": 48.83704376220703,
            "match": false,
            "position": 39,
            "predicted": 66895,
            "step": 22,
            "top1_logit": 49.54906463623047,
            "top2_gap": 0.7120208740234375,
            "top2_logit": 48.83704376220703
          },
          "matched": 127,
          "prompt_index": 2
        },
        {
          "compare_steps": 128,
          "first_mismatch": {
            "golden": 4407,
            "golden_deficit": 0.9358501434326172,
            "golden_logit": 29.356565475463867,
            "match": false,
            "position": 26,
            "predicted": 1380,
            "step": 11,
            "top1_logit": 30.292415618896484,
            "top2_gap": 0.4758625030517578,
            "top2_logit": 29.816553115844727
          },
          "matched": 124,
          "prompt_index": 3
        },
        {
          "compare_steps": 13,
          "first_mismatch": {
            "golden": 671,
            "golden_deficit": 0.5751991271972656,
            "golden_logit": 36.561832427978516,
            "match": false,
            "position": 15,
            "predicted": 125386,
            "step": 0,
            "top1_logit": 37.13703155517578,
            "top2_gap": 0.5751991271972656,
            "top2_logit": 36.561832427978516
          },
          "matched": 11,
          "prompt_index": 4
        },
        {
          "compare_steps": 22,
          "first_mismatch": null,
          "matched": 22,
          "prompt_index": 5
        },
        {
          "compare_steps": 32,
          "first_mismatch": null,
          "matched": 32,
          "prompt_index": 6
        },
        {
          "compare_steps": 128,
          "first_mismatch": {
            "golden": 4102,
            "golden_deficit": 0.44048309326171875,
            "golden_logit": 33.062618255615234,
            "match": false,
            "position": 14,
            "predicted": 1870,
            "step": 2,
            "top1_logit": 33.50310134887695,
            "top2_gap": 0.44048309326171875,
            "top2_logit": 33.062618255615234
          },
          "matched": 123,
          "prompt_index": 7
        }
      ],
      "prompts": 8,
      "total_tokens": 482
    },
    "eager_vs_fused": {
      "diverged_predictions_per_prompt": {
        "0": 0,
        "1": 1,
        "2": 0,
        "3": 3,
        "4": 0,
        "5": 0,
        "6": 0,
        "7": 1
      },
      "prompts_with_divergence": 3,
      "total_diverged_predictions": 5
    },
    "fused": {
      "lane_argmax_agreement": false,
      "match_rate": 0.970954356846473,
      "matched_tokens": 468,
      "mismatch_count": 14,
      "mismatch_golden_deficit": {
        "max": 0.8964214324951172,
        "median": 0.38985443115234375,
        "min": 0.002544403076171875
      },
      "mismatch_top2_gap": {
        "max": 0.6079559326171875,
        "median": 0.33998680114746094,
        "min": 0.002544403076171875
      },
      "per_prompt": [
        {
          "compare_steps": 2,
          "first_mismatch": null,
          "matched": 2,
          "prompt_index": 0
        },
        {
          "compare_steps": 29,
          "first_mismatch": {
            "golden": 9299,
            "golden_deficit": 0.002544403076171875,
            "golden_logit": 33.12835693359375,
            "match": false,
            "position": 32,
            "predicted": 2882,
            "step": 23,
            "top1_logit": 33.13090133666992,
            "top2_gap": 0.002544403076171875,
            "top2_logit": 33.12835693359375
          },
          "matched": 28,
          "prompt_index": 1
        },
        {
          "compare_steps": 128,
          "first_mismatch": {
            "golden": 3913,
            "golden_deficit": 0.4888916015625,
            "golden_logit": 48.75575256347656,
            "match": false,
            "position": 39,
            "predicted": 66895,
            "step": 22,
            "top1_logit": 49.24464416503906,
            "top2_gap": 0.4888916015625,
            "top2_logit": 48.75575256347656
          },
          "matched": 127,
          "prompt_index": 2
        },
        {
          "compare_steps": 128,
          "first_mismatch": {
            "golden": 4407,
            "golden_deficit": 0.8964214324951172,
            "golden_logit": 28.96463394165039,
            "match": false,
            "position": 26,
            "predicted": 1380,
            "step": 11,
            "top1_logit": 29.861055374145508,
            "top2_gap": 0.33998680114746094,
            "top2_logit": 29.521068572998047
          },
          "matched": 124,
          "prompt_index": 3
        },
        {
          "compare_steps": 13,
          "first_mismatch": {
            "golden": 671,
            "golden_deficit": 0.5751991271972656,
            "golden_logit": 36.561832427978516,
            "match": false,
            "position": 15,
            "predicted": 125386,
            "step": 0,
            "top1_logit": 37.13703155517578,
            "top2_gap": 0.5751991271972656,
            "top2_logit": 36.561832427978516
          },
          "matched": 11,
          "prompt_index": 4
        },
        {
          "compare_steps": 22,
          "first_mismatch": null,
          "matched": 22,
          "prompt_index": 5
        },
        {
          "compare_steps": 32,
          "first_mismatch": null,
          "matched": 32,
          "prompt_index": 6
        },
        {
          "compare_steps": 128,
          "first_mismatch": {
            "golden": 4102,
            "golden_deficit": 0.5017890930175781,
            "golden_logit": 32.94429397583008,
            "match": false,
            "position": 14,
            "predicted": 1870,
            "step": 2,
            "top1_logit": 33.446083068847656,
            "top2_gap": 0.4640960693359375,