{
  "accepted": true,
  "checkpoint_id": "0f57df0e1512f16f1788fb80389e4f3131706acf03c30bbce166879e97f8db0d",
  "device": "NVIDIA GeForce RTX 4090",
  "diagnostic_seconds": {
    "load": 11.885877276072279,
    "mode_fused": 59.48628776008263,
    "process": 76.25953036197461
  },
  "errors": [],
  "experiment": "E0e2e-tp4-pp4-golden-token-gate",
  "fuse_min_seqlen": 1024,
  "global_row_shapes": [
    4,
    40,
    52,
    64,
    72,
    88
  ],
  "host": "titan065",
  "indexer_kv_dtype": "bf16",
  "kv_dtype": "bf16",
  "local_rank": 3,
  "measurement_class": "semantic_e2e_golden_token_gate",
  "memory_after_load": {
    "free_bytes": 9931980800,
    "total_bytes": 25252724736
  },
  "memory_at_end": {
    "free_bytes": 9887940608,
    "total_bytes": 25252724736
  },
  "mode_summaries": {
    "fused": {
      "lane_argmax_agreement": false,
      "match_rate": 0.9730290456431535,
      "matched_tokens": 469,
      "mismatch_count": 13,
      "mismatch_golden_deficit": {
        "max": 1.0267906188964844,
        "median": 0.153564453125,
        "min": 0.046173095703125
      },
      "mismatch_top2_gap": {
        "max": 0.8424568176269531,
        "median": 0.13904190063476562,
        "min": 0.046173095703125
      },
      "per_prompt": [
        {
          "compare_steps": 2,
          "first_mismatch": null,
          "matched": 2,
          "prompt_index": 0
        },
        {
          "compare_steps": 29,
          "first_mismatch": {
            "golden": 9299,
            "golden_deficit": 0.13904190063476562,
            "golden_logit": 32.86666488647461,
            "match": false,
            "position": 32,
            "predicted": 2882,
            "step": 23,
            "top1_logit": 33.005706787109375,
            "top2_gap": 0.13904190063476562,
            "top2_logit": 32.86666488647461
          },
          "matched": 28,
          "prompt_index": 1
        },
        {
          "compare_steps": 128,
          "first_mismatch": {
            "golden": 3913,
            "golden_deficit": 0.09074020385742188,
            "golden_logit": 49.00468444824219,
            "match": false,
            "position": 39,
            "predicted": 66895,
            "step": 22,
            "top1_logit": 49.09542465209961,
            "top2_gap": 0.09074020385742188,
            "top2_logit": 49.00468444824219
          },
          "matched": 127,
          "prompt_index": 2
        },
        {
          "compare_steps": 128,
          "first_mismatch": {
            "golden": 35772,
            "golden_deficit": 0.10593414306640625,
            "golden_logit": 32.16532897949219,
            "match": false,
            "position": 18,
            "predicted": 81132,
            "step": 3,
            "top1_logit": 32.271263122558594,
            "top2_gap": 0.10593414306640625,
            "top2_logit": 32.16532897949219
          },
          "matched": 123,
          "prompt_index": 3
        },
        {
          "compare_steps": 13,
          "first_mismatch": {
            "golden": 671,
            "golden_deficit": 0.8424568176269531,
            "golden_logit": 36.82393264770508,
            "match": false,
            "position": 15,
            "predicted": 125386,
            "step": 0,
            "top1_logit": 37.66638946533203,
            "top2_gap": 0.8424568176269531,
            "top2_logit": 36.82393264770508
          },
          "matched": 11,
          "prompt_index": 4
        },
        {
          "compare_steps": 22,
          "first_mismatch": null,
          "matched": 22,
          "prompt_index": 5
        },
        {
          "compare_steps": 32,
          "first_mismatch": null,
          "matched": 32,
          "prompt_index": 6
        },
        {
          "compare_steps": 128,
          "first_mismatch": {
            "golden": 4102,
            "golden_deficit": 0.6420974731445312,
            "golden_logit": 32.94721221923828,
            "match": false,
            "position": 14,
            "predicted": 1870,
            "step": 2,
            "top1_logit": 33.58930969238281,
            "top2_gap": 0.6420974731445312,
            "top2_logit": 32.94721221923828
          },
          "matched": 124,
          "prompt_index": 7
        }
      ],
      "prompts": 8,
      "total_tokens": 482
    }
  },
  "modes": [
    "fused"
  ],
  "moe_input_dtype": "bf16",
  "nccl_env": {
    "NCCL_IB_DISABLE": "0",
    "NCCL_NET_GDR_LEVEL": null,
    "NCCL_P2P_LEVEL": "SYS",
    "NCCL_SOCKET_IFNAME": "enp33s0f0"
  },
  "placement": {
    "accepted": true,
    "ranks": [
      {
        "host": "titan064",
        "local_rank": 0,
        "rank": 0,
        "stage": 0
      },
      {
        "host": "titan064",
        "local_rank": 1,
        "rank": 1,
        "stage": 0
      },
      {
        "host": "titan064",
        "local_rank": 2,
        "rank": 2,
        "stage": 0
      },
      {
        "host": "titan064",
        "local_rank": 3,
        "rank": 3,
        "stage": 0
      },
      {
        "host": "titan064",
        "local_rank": 4,
        "rank": 4,
        "stage": 1
      },
      {
        "host": "titan064",
        "local_rank": 5,
        "rank": 5,
        "stage": 1
      },
      {
        "host": "titan064",
        "local_rank": 6,
        "rank": 6,
        "stage": 1
      },
      {
        "host": "titan064",
        "local_rank": 7,
        "rank": 7,
        "stage": 1
      },
      {
        "host": "titan065",
        "local_rank": 0,
        "rank": 8,
        "stage": 2
      },
      {
        "host": "titan065",
        "local_rank": 1,
        "rank": 9,
        "stage": 2
      },
      {
        "host": "titan065",
        "local_rank": 2,
        "rank": 10,
        "stage": 2
      },
      {
        "host": "titan065",
        "local_rank": 3,
        "rank": 11,
        "stage": 2
      },
      {
        "host": "titan065",
        "local_rank": 4,
        "rank": 12,
        "stage": 3
      },
      {
        "host": "titan065",
        "local_rank": 5,
        "rank": 13,
        "stage": 3
      },
      {
        "host": "titan065",
        "local_rank": 6,
        "rank": 14,
        "stage": 3
      },
      {
        "host": "titan065",
        "local_rank": 7,
        "rank": 15,
        "stage": 3
      }
    ],
    "stage_hosts": {
      "0": [
        "titan064"
      ],
      "1": [
        "titan064"
      ],
      "2": [
        "titan065"
      ],
      "3": [
        "titan065"
      ]
    }
  },
  "prompt_results": {
    "fused": [
      {
        "compare_steps": 2,
        "matched": 2,
        "prompt_index": 0
      },
      {
        "compare_steps": 29,
        "matched": 28,
        "prompt_index": 1
      },
      {
        "compare_steps": 128,
        "matched": 127,
        "prompt_index": 2
      },
      {
        "compare_steps": 128,
        "matched": 123,
        "prompt_index": 3
      },
      {
        "compare_steps": 13,
        "matched": 11,
        "prompt_index": 4
      },
      {
        "compare_steps": 22,
        "matched": 22,
        "prompt_index": 5
      },
      {
        "compare_steps": 32,
        "matched": 32,
        "prompt_index": 6
      },
      {
        "compare_steps": 128,
        "matched": 124,
        "prompt_index": 7
      }
    ]
  },
  "rank": 11,
  "ratio4_index_mode": "ref",
  "schema_version": 1,
  "stage": 2,
  "stage_layer_ids": {
    "0": [
      0,
      1,
      2,
      3,
      4,
      5,
      6,
      7,
      8,
      9,
      10
    ],
    "1": [
      11,
      12,
      13,
      14,
      15,
      16,
      17,
      18,
      19,
      20,
      21
    ],
    "2": [
      22,
      23,
      24,
      25,
      26,
      27,
      28,
      29,
      30,
      31,
      32
    ],
    "3": [
      33,
      34,
      35,
      36,
      37,
      38,
      39,
      40,
      41,
      42
    ]
  },
  "tokenizer_preflight": {
    "accepted": true,